tag,tool,line,component,flux_1e17,flux_err_1e17,fwhm_kms,ew_a,center_a,flux_unit
04545183216,pyqsofit,Ha6563,broad,12631.243335203859,87.9174559756384,6276.28407033772,383.4227659612153,nan,1e-17
04545183216,pyqsofit,Hb4861,broad,2290.0113533238296,82.05536018773478,5555.158670790618,49.019309126815344,nan,1e-17
04545183216,pyqsofit,OIII5007,outflow,200.82530655248112,137.14330206164396,nan,nan,4970.251297814688,1e-17
04545183216,pyqsofit,OIII5007,narrow,124.78292017030188,81.3771599740596,nan,nan,5005.710696339098,1e-17
04545183216,pyqsofit,OIII4959,outflow,65.24097432132255,44.55296397521947,nan,nan,4892.900712162991,1e-17
04545183216,pyqsofit,OIII4959,narrow,40.537517060594425,26.436534794096588,nan,nan,4927.808266308039,1e-17
04545183216,pyqsofit,Ha6563,narrow,398.1095673691848,29.58695925122221,nan,nan,6553.861074096332,1e-17
04545183216,pyqsofit,NII6585,narrow,1.2854408547347689,4.27539801939599,nan,nan,6587.542413876101,1e-17
04545183216,pyqsofit,SII6718,narrow,24.721531466849378,5.944218160751083,nan,nan,6720.597037483655,1e-17
04545183216,pyqsofit,SII6732,narrow,24.774446057366966,5.956941315477364,nan,nan,6734.981973172167,1e-17
04545183216,badass,Ha6563,broad,0.0,0.0,nan,nan,nan,1e-17
04545183216,badass,Ha6563,narrow,959.5988401817158,7.994180788488284,nan,nan,nan,1e-17
04545183216,badass,Ha6563,outflow,7201.371421620817,59.99284561305644,nan,nan,nan,1e-17
04545183216,badass,Hb4861,broad,1744.9536188311504,32.0749291542513,nan,nan,nan,1e-17
04545183216,badass,Hb4861,narrow,0.0,0.0,nan,nan,nan,1e-17
04545183216,badass,Hb4861,outflow,1744.9536188311504,32.0749291542513,nan,nan,nan,1e-17
04545183216,badass,OIII5007,broad,0.0,0.0,nan,nan,nan,1e-17
04545183216,badass,OIII5007,narrow,103.19843325309921,8.47316713952349,nan,nan,nan,1e-17
04545183216,badass,OIII5007,outflow,161.63756073145146,13.271345551763368,nan,nan,nan,1e-17
04545183216,badass,OIII4959,broad,0.0,0.0,nan,nan,nan,1e-17
04545183216,badass,OIII4959,narrow,34.287304491357645,2.81525794548247,nan,nan,nan,1e-17
04545183216,badass,OIII4959,outflow,53.720978011588045,4.410915714425233,nan,nan,nan,1e-17
04545183216,badass,OII3727,broad,24.92864950159246,0.0,nan,nan,nan,1e-17
04545183216,badass,OII3727,narrow,0.0,0.0,nan,nan,nan,1e-17
04545183216,fantasy_agn,OIII5007,broad,79.47918947253662,nan,nan,nan,nan,1e-17
04545183216,fantasy_agn,OIII5007,narrow,220.436047149474,nan,nan,nan,nan,1e-17
04545183216,fantasy_agn,OIII4959,broad,26.23958122268419,nan,nan,nan,nan,1e-17
04545183216,fantasy_agn,OIII4959,narrow,73.05686765887519,nan,nan,nan,nan,1e-17
04545183216,fantasy_agn,Hb4861,broad,2480.1450481733345,nan,nan,nan,nan,1e-17
04545183216,fantasy_agn,Hb4861,narrow,0.18128082071569082,nan,nan,nan,nan,1e-17
04545183216,fantasy_agn,Ha6563,broad,6936.306403891422,nan,nan,nan,nan,1e-17
04545183216,fantasy_agn,Ha6563,narrow,205.7355790358567,nan,nan,nan,nan,1e-17
04545183216,fantasy_agn,NII6585,narrow,356.92259420251736,nan,nan,nan,nan,1e-17
04545183216,fantasy_agn,NII6548,narrow,68.41161401750905,nan,nan,nan,nan,1e-17
04545183216,gelato,OIII5007,narrow,98.97155810549992,12.583772525937135,160.6403683684577,nan,nan,1e-17
04545183216,gelato,OIII4959,narrow,34.64004533692497,4.404320384077997,160.6403683684577,nan,nan,1e-17
04545183216,gelato,Ha6563,broad,2293.096080087518,53.18366244648485,499.99999999999994,nan,nan,1e-17
04545183216,gelato,Hb4861,broad,482.56466309364396,7.526174115384582,499.99999999999994,nan,nan,1e-17
04545183216,gelato,NII6585,narrow,2271.010568393951,18.905869422816487,499.99999999999994,nan,nan,1e-17
04545183216,gelato,SII6718,narrow,112.76467553129643,10.684649502873787,499.99999999999994,nan,nan,1e-17
04545183216,gelato,SII6732,narrow,-70.46081734088092,11.997587627883687,499.99999999999994,nan,nan,1e-17
04545183216,gelato,OII3727,narrow,135.33341112134033,5.10794545736147,499.99999999999994,nan,nan,1e-17
04545183216,gleam,OII3727,narrow,51.17197036743164,9.313631057739258,1634.815540053358,0.8728867173194885,3728.48,1e-17
04545183216,gleam,OIII4959,narrow,37.23828125,7.490360736846924,353.88229086782354,0.7295138835906982,4960.3,1e-17
04545183216,gleam,OIII5007,narrow,111.71484375,22.47108268737793,404.20056484269674,2.1885416507720947,5008.24,1e-17
04570362657,pyqsofit,Ha6563,broad,5423.128195238039,30.513129737525105,3074.241760351223,299.25166210798017,nan,1e-17
04570362657,pyqsofit,Hb4861,broad,1537.345124392055,79.86771378082074,3025.117816607836,66.94121410307434,nan,1e-17
04570362657,pyqsofit,OIII5007,outflow,54.81845939293578,37.197297421087846,nan,nan,4958.407186268613,1e-17
04570362657,pyqsofit,OIII5007,narrow,212.3771034631689,64.07989289040711,nan,nan,5002.90603630475,1e-17
04570362657,pyqsofit,OIII4959,outflow,17.808560897948258,12.084074300853139,nan,nan,4881.240927104596,1e-17
04570362657,pyqsofit,OIII4959,narrow,68.99374083542904,20.81727008584766,nan,nan,4925.047254387883,1e-17
04570362657,pyqsofit,Ha6563,narrow,769.2947395825577,30.077027929403826,nan,nan,6558.387965189617,1e-17
04570362657,pyqsofit,NII6585,narrow,0.6248902209590669,0.6298690664644533,nan,nan,6592.092569386396,1e-17
04570362657,pyqsofit,SII6718,narrow,24.82198009723362,2.421629416484338,nan,nan,6725.239096649478,1e-17
04570362657,pyqsofit,SII6732,narrow,24.875109690537425,2.4268127332675418,nan,nan,6739.633968318706,1e-17
04570362657,fantasy_agn,OIII5007,broad,242.57030460327283,nan,nan,nan,nan,1e-17
04570362657,fantasy_agn,OIII5007,narrow,46.616826268563344,nan,nan,nan,nan,1e-17
04570362657,fantasy_agn,OIII4959,broad,80.08263758915305,nan,nan,nan,nan,1e-17
04570362657,fantasy_agn,OIII4959,narrow,15.721624210144277,nan,nan,nan,nan,1e-17
04570362657,fantasy_agn,Hb4861,broad,1143.165958336114,nan,nan,nan,nan,1e-17
04570362657,fantasy_agn,Hb4861,narrow,297.5957200888336,nan,nan,nan,nan,1e-17
04570362657,fantasy_agn,Ha6563,broad,3817.2371680011665,nan,nan,nan,nan,1e-17
04570362657,fantasy_agn,Ha6563,narrow,879.7598837260905,nan,nan,nan,nan,1e-17
04570362657,fantasy_agn,NII6585,narrow,0.0017903780836368984,nan,nan,nan,nan,1e-17
04570362657,fantasy_agn,NII6548,narrow,3.2785446521062596e-05,nan,nan,nan,nan,1e-17
04570362657,gelato,OIII5007,narrow,347.927406943279,5.318905761737832,493.9332426522848,nan,nan,1e-17
04570362657,gelato,OIII4959,narrow,121.77459243014764,1.8616170166082402,493.9332426522848,nan,nan,1e-17
04570362657,gelato,Ha6563,broad,1456.326538774772,12.814790861104873,499.99999999809177,nan,nan,1e-17
04570362657,gelato,Hb4861,broad,-53.49807940440519,7.004349602091863,499.99999999809177,nan,nan,1e-17
04570362657,gelato,NII6585,narrow,1021.8647027409327,12.470752424637444,499.99999999999994,nan,nan,1e-17
04570362657,gelato,SII6718,narrow,76.89240470608868,6.6928519544541905,498.74872096314397,nan,nan,1e-17
04570362657,gelato,SII6732,narrow,61.89792963787312,4.368703659535422,498.74872096314397,nan,nan,1e-17
04570362657,gelato,OII3727,narrow,73.53681344603126,2.962659082376175,248.047484376794,nan,nan,1e-17
04570362657,gleam,OII3727,narrow,67.2755355834961,5.634988784790039,510.58791172011325,1.7768528461456299,3728.48,1e-17
04570362657,gleam,Hb4861,narrow,1036.6881103515625,26.941564559936523,2718.6813209579577,35.509483337402344,4862.68,1e-17
04570362657,gleam,OIII4959,narrow,79.228271484375,5.616035461425781,762.2947171739987,2.7912096977233887,4960.3,1e-17
04570362657,gleam,OIII5007,narrow,237.68482971191406,16.848106384277344,634.5714980579128,8.373629570007324,5008.24,1e-17
04570362657,gleam,Ha6563,narrow,4460.1728515625,94.3233871459961,2370.0925913712495,176.21966552734375,6564.6,1e-17
04570362657,gleam,SII6718,narrow,37.9168586730957,8.802630424499512,359.5844195779623,1.9877333641052246,6718.29,1e-17
04570362657,gleam,SII6732,narrow,22.284547805786133,8.14417552947998,311.60939810349976,1.1682332754135132,6732.67,1e-17
04570493016,pyqsofit,Ha6563,broad,15795.552769102636,84.17650293943552,3069.9702176513606,596.6712758817846,nan,1e-17
04570493016,pyqsofit,Hb4861,broad,6521.615568942645,168.63183359456843,3225.148789329851,145.32423001132062,nan,1e-17
04570493016,pyqsofit,OIII5007,outflow,72.47367569445305,231.46226675839267,nan,nan,4988.691685801828,1e-17
04570493016,pyqsofit,OIII5007,narrow,913.2076751534815,407.47621055428186,nan,nan,5003.97640893678,1e-17
04570493016,pyqsofit,OIII4959,outflow,23.54411053129925,75.19382920993154,nan,nan,4911.054117717054,1e-17
04570493016,pyqsofit,OIII4959,narrow,296.6685798094548,132.3744773290042,nan,nan,4926.10096911974,1e-17
04570493016,pyqsofit,Ha6563,narrow,1414.2508955163955,68.86050648660452,nan,nan,6559.967781086704,1e-17
04570493016,pyqsofit,NII6585,narrow,7.423643891958701,4.531026348586344,nan,nan,6593.680504209932,1e-17
04570493016,pyqsofit,SII6718,narrow,10.195525892414695,3.921187895440018,nan,nan,6726.859104446057,1e-17
04570493016,pyqsofit,SII6732,narrow,10.217348653615069,3.9295809050764943,nan,nan,6741.2574436209015,1e-17
04570493016,badass,Ha6563,broad,4543.600724414224,91.05102356190199,nan,nan,nan,1e-17
04570493016,badass,Ha6563,narrow,2677.8998438194394,31.669049852032348,nan,nan,nan,1e-17
04570493016,badass,Ha6563,outflow,12931.237533048727,71.22245726793093,nan,nan,nan,1e-17
04570493016,badass,Hb4861,broad,1229.3494770664147,57.30149127199652,nan,nan,nan,1e-17
04570493016,badass,Hb4861,narrow,1585.6055708494969,29.37587962698802,nan,nan,nan,1e-17
04570493016,badass,Hb4861,outflow,3647.4339137574025,39.40588848458402,nan,nan,nan,1e-17
04570493016,badass,OIII5007,broad,0.0,0.0,nan,nan,nan,1e-17
04570493016,badass,OIII5007,narrow,855.5076869539917,14.933654570916273,nan,nan,nan,1e-17
04570493016,badass,OIII5007,outflow,1300.1668364615045,22.69557914717052,nan,nan,nan,1e-17
04570493016,badass,OIII4959,broad,0.0,0.0,nan,nan,nan,1e-17
04570493016,badass,OIII4959,narrow,284.21400547446683,4.961210573202543,nan,nan,nan,1e-17
04570493016,badass,OIII4959,outflow,432.11973302432614,7.543037806285533,nan,nan,nan,1e-17
04570493016,badass,OII3727,broad,71.99174768394911,0.0,nan,nan,nan,1e-17
04570493016,badass,OII3727,narrow,81.15294389982591,33.20623332011667,nan,nan,nan,1e-17
04570493016,fantasy_agn,OIII5007,broad,621.8803167679591,nan,nan,nan,nan,1e-17
04570493016,fantasy_agn,OIII5007,narrow,402.509958347599,nan,nan,nan,nan,1e-17
04570493016,fantasy_agn,OIII4959,broad,205.31039283044493,nan,nan,nan,nan,1e-17
04570493016,fantasy_agn,OIII4959,narrow,133.5258266166594,nan,nan,nan,nan,1e-17
04570493016,fantasy_agn,Hb4861,broad,2993.0836959499347,nan,nan,nan,nan,1e-17
04570493016,fantasy_agn,Hb4861,narrow,1084.7008239093004,nan,nan,nan,nan,1e-17
04570493016,fantasy_agn,Ha6563,broad,6945.486758302926,nan,nan,nan,nan,1e-17
04570493016,fantasy_agn,Ha6563,narrow,448.85527080686546,nan,nan,nan,nan,1e-17
04570493016,fantasy_agn,NII6585,narrow,685.8608245840483,nan,nan,nan,nan,1e-17
04570493016,fantasy_agn,NII6548,narrow,145.8729847545763,nan,nan,nan,nan,1e-17
04570493016,gelato,OIII5007,narrow,846.5183053260298,21.93104000826001,216.5115221505713,nan,nan,1e-17
04570493016,gelato,OIII4959,narrow,296.2814068641104,7.675864002891006,216.5115221505713,nan,nan,1e-17
04570493016,gelato,Ha6563,broad,5571.349035050893,33.75889546899728,499.99999999999994,nan,nan,1e-17
04570493016,gelato,Hb4861,broad,848.7606696920884,8.790053038695609,499.99999999999994,nan,nan,1e-17
04570493016,gelato,NII6585,narrow,5287.675560731683,28.371035626366105,499.99999999999994,nan,nan,1e-17
04570493016,gelato,SII6718,narrow,232.52365007222028,9.902162086598857,499.99999999999994,nan,nan,1e-17
04570493016,gelato,SII6732,narrow,43.576433910936146,10.141527302346427,499.99999999999994,nan,nan,1e-17
04570493016,gelato,OII3727,narrow,332.10279315781906,8.828850704138247,499.99999999999994,nan,nan,1e-17
04570493016,gleam,OII3727,narrow,90.32156372070312,24.293479919433594,540.9879867408737,0.9054864645004272,3728.48,1e-17
04570493016,gleam,Hb4861,narrow,2995.225341796875,51.22628402709961,3124.7665571549355,57.81471252441406,4862.68,1e-17
04570493016,gleam,Hb4861,broad,329.2709045410156,51.01510238647461,1065.3875231197524,6.355682849884033,4862.68,1e-17
04570493016,gleam,OIII4959,narrow,183.8050537109375,89.63633728027344,412.0890436153136,3.2882120609283447,4960.3,1e-17
04570493016,gleam,Ha6563,narrow,12301.9169921875,208.48770141601562,2486.288418830453,256.637451171875,6564.6,1e-17
04592503068,pyqsofit,Ha6563,broad,3632.802186979765,38.685044253450314,3048.3154000398154,190.65396332339571,nan,1e-17
04592503068,pyqsofit,Hb4861,broad,1325.7623368549537,33.466765946949636,3512.1943472296157,69.34711274022821,nan,1e-17
04592503068,pyqsofit,OIII5007,outflow,212.1664614889007,25.99580119489648,nan,nan,4958.407186268613,1e-17
04592503068,pyqsofit,OIII5007,narrow,384.99191307757997,21.31229733593967,nan,nan,5002.697436167775,1e-17
04592503068,pyqsofit,OIII4959,outflow,68.9253107761395,8.445107976345797,nan,nan,4881.240927104596,1e-17
04592503068,pyqsofit,OIII4959,narrow,125.07013157949504,6.923604734341946,nan,nan,4924.8419006346,1e-17
04592503068,pyqsofit,Ha6563,narrow,396.4260704333104,26.186451663787267,nan,nan,6553.866777923567,1e-17
04592503068,pyqsofit,NII6585,narrow,1.2290283754914948,23.107505944388752,nan,nan,6587.548147016215,1e-17
04592503068,pyqsofit,SII6718,narrow,66.22034674244976,3.9592305336858753,nan,nan,6720.602886421248,1e-17
04592503068,pyqsofit,SII6732,narrow,66.36208644561127,3.9677049707463636,nan,nan,6734.987834628973,1e-17
04592503068,badass,Ha6563,broad,0.0,0.0,nan,nan,nan,1e-17
04592503068,badass,Ha6563,narrow,945.6076055122539,9.92650206983458,nan,nan,nan,1e-17
04592503068,badass,Ha6563,outflow,3162.560451659766,33.19893229112869,nan,nan,nan,1e-17
04592503068,badass,Hb4861,broad,92.16545436602155,26.135382038004348,nan,nan,nan,1e-17
04592503068,badass,Hb4861,narrow,288.22050801618025,10.230199360578503,nan,nan,nan,1e-17
04592503068,badass,Hb4861,outflow,537.1002360195516,15.998196943926901,nan,nan,nan,1e-17
04592503068,badass,OIII5007,broad,153.9699558655916,13.209038693054733,nan,nan,nan,1e-17
04592503068,badass,OIII5007,narrow,568.2873941444434,11.348881403730894,nan,nan,nan,1e-17
04592503068,badass,OIII5007,outflow,722.2573447219688,12.722401313756343,nan,nan,nan,1e-17
04592503068,badass,OIII4959,broad,51.19317544030457,4.391965827821001,nan,nan,nan,1e-17
04592503068,badass,OIII4959,narrow,188.87586076157203,3.7719114763010966,nan,nan,nan,1e-17
04592503068,badass,OIII4959,outflow,240.06903442022997,4.228762256583044,nan,nan,nan,1e-17
04592503068,badass,OII3727,broad,0.0,0.0,nan,nan,nan,1e-17
04592503068,badass,OII3727,narrow,89.30202030819783,5.341122381615207,nan,nan,nan,1e-17
04592503068,fantasy_agn,OIII5007,broad,621.9958708842698,nan,nan,nan,nan,1e-17
04592503068,fantasy_agn,OIII5007,narrow,3.2602886104826774e-15,nan,nan,nan,nan,1e-17
04592503068,fantasy_agn,OIII4959,broad,205.3465865423322,nan,nan,nan,nan,1e-17
04592503068,fantasy_agn,OIII4959,narrow,2.6641648201012573e-14,nan,nan,nan,nan,1e-17
04592503068,fantasy_agn,Hb4861,broad,697.9066261636661,nan,nan,nan,nan,1e-17
04592503068,fantasy_agn,Hb4861,narrow,93.19815588915677,nan,nan,nan,nan,1e-17
04592503068,fantasy_agn,Ha6563,broad,2545.1700812183867,nan,nan,nan,nan,1e-17
04592503068,fantasy_agn,Ha6563,narrow,533.2018756787058,nan,nan,nan,nan,1e-17
04592503068,fantasy_agn,NII6585,narrow,0.0,nan,nan,nan,nan,1e-17
04592503068,fantasy_agn,NII6548,narrow,0.0,nan,nan,nan,nan,1e-17
04592503068,gelato,OIII5007,narrow,490.3120652163541,10.00098138451102,164.68969569844467,nan,nan,1e-17
04592503068,gelato,OIII4959,narrow,171.60922282572392,3.5003434845788552,164.68969569844467,nan,nan,1e-17
04592503068,gelato,Ha6563,broad,1192.320617992918,9.303753959938918,499.99999999999943,nan,nan,1e-17
04592503068,gelato,Hb4861,broad,101.24208754397372,3.967553354518764,499.99999999999943,nan,nan,1e-17
04592503068,gelato,NII6585,narrow,1445.924155234951,8.484127912998913,499.99999999999994,nan,nan,1e-17
04592503068,gelato,SII6718,narrow,111.7326094092434,2.389285486897661,140.84379214061545,nan,nan,1e-17
04592503068,gelato,SII6732,narrow,75.2082145077001,2.340696017427947,140.84379214061545,nan,nan,1e-17
04592503068,gelato,OII3727,narrow,144.16011901630378,3.138263508421458,218.02537595951662,nan,nan,1e-17
04592503068,gleam,OII3727,narrow,125.55200958251953,4.2681803703308105,456.2268748012148,5.17822790145874,3728.48,1e-17
04592503068,gleam,Hb4861,narrow,169.8771514892578,13.015578269958496,580.7987641566195,6.3489909172058105,4862.68,1e-17
04592503068,gleam,OIII4959,narrow,220.35272216796875,4.631794452667236,462.8308006477223,8.949236869812012,4960.3,1e-17
04592503068,gleam,OIII5007,narrow,661.0581665039062,13.895383834838867,465.808547785236,26.84770965576172,5008.24,1e-17
04592503068,gleam,Ha6563,narrow,2736.86376953125,94.70816040039062,2552.76843574362,113.90403747558594,6564.6,1e-17
04592503068,gleam,Ha6563,broad,367.8039855957031,16.279457092285156,213.64677054762964,15.307433128356934,6564.6,1e-17
04592503068,gleam,NII6585,narrow,333.3103942871094,17.244720458984375,248.4579230171229,13.87186336517334,6585.27,1e-17
04592503068,gleam,SII6718,narrow,85.28923034667969,6.181499481201172,277.6223503612554,4.115224838256836,6718.29,1e-17
04592503068,gleam,SII6732,narrow,50.94953155517578,5.241369724273682,204.00777572056998,2.458326578140259,6732.67,1e-17
04592517882,pyqsofit,Ha6563,broad,2212.175597847291,30.12198298416979,3628.7244020846683,171.26617372376904,nan,1e-17
04592517882,pyqsofit,Hb4861,broad,563.1462164874849,5.143457191852946,2858.3289762153754,24.01345773586817,nan,1e-17
04592517882,pyqsofit,OIII5007,outflow,1.1580142777882823,12.277249288538467,nan,nan,4971.454415987576,1e-17
04592517882,pyqsofit,OIII5007,narrow,4.2664692829901965,15.840893679358842,nan,nan,5008.404744672772,1e-17
04592517882,pyqsofit,OIII4959,outflow,0.376197507464862,3.988440099110199,nan,nan,4894.085106555188,1e-17
04592517882,pyqsofit,OIII4959,narrow,1.3860235929057816,5.146140969498662,nan,nan,4930.460387945476,1e-17
04592517882,pyqsofit,Ha6563,narrow,775.5909125178943,16.961966542834233,nan,nan,6557.865773871599,1e-17
04592517882,pyqsofit,NII6585,narrow,0.06356753018568218,2.193673150356414,nan,nan,6591.567694443716,1e-17
04592517882,pyqsofit,SII6718,narrow,0.43326026571986176,0.8021830107783438,nan,nan,6724.703620327171,1e-17
04592517882,pyqsofit,SII6732,narrow,0.4341876269385164,0.8039000235610033,nan,nan,6739.09734584935,1e-17
04592517882,fantasy_agn,OIII5007,broad,154.1238551284541,nan,nan,nan,nan,1e-17
04592517882,fantasy_agn,OIII5007,narrow,9.37742198637882,nan,nan,nan,nan,1e-17
04592517882,fantasy_agn,OIII4959,broad,50.883156993425494,nan,nan,nan,nan,1e-17
04592517882,fantasy_agn,OIII4959,narrow,3.0961896336426094,nan,nan,nan,nan,1e-17
04592517882,fantasy_agn,Hb4861,broad,493.8899232639692,nan,nan,nan,nan,1e-17
04592517882,fantasy_agn,Hb4861,narrow,206.68132871495453,nan,nan,nan,nan,1e-17
04592517882,fantasy_agn,Ha6563,broad,1399.2824416102512,nan,nan,nan,nan,1e-17
04592517882,fantasy_agn,Ha6563,narrow,423.2940964523497,nan,nan,nan,nan,1e-17
04592517882,fantasy_agn,NII6585,narrow,0.0,nan,nan,nan,nan,1e-17
04592517882,fantasy_agn,NII6548,narrow,0.0,nan,nan,nan,nan,1e-17
04592517882,gelato,OIII5007,narrow,86.24079478642241,3.0002546053295815,499.99999999999886,nan,nan,1e-17
04592517882,gelato,OIII4959,narrow,30.18427817524784,1.0500891118653535,499.99999999999886,nan,nan,1e-17
04592517882,gelato,Ha6563,broad,1202.6436102737412,7.759278396761538,499.9999999999993,nan,nan,1e-17
04592517882,gelato,Hb4861,broad,195.48903938126676,3.4572159455796707,499.9999999999993,nan,nan,1e-17
04592517882,gelato,NII6585,narrow,368.5204870719957,5.211303357462589,499.99999999999966,nan,nan,1e-17
04592517882,gelato,SII6718,narrow,13.02010264964429,3.061523504970486,499.9999999998805,nan,nan,1e-17
04592517882,gelato,SII6732,narrow,-22.49045550552576,3.5176544634113465,499.9999999998805,nan,nan,1e-17
04592517882,gelato,OII3727,narrow,24.913182177288164,4.706749471931665,499.6805173921424,nan,nan,1e-17
04592517882,gleam,Hb4861,narrow,384.23779296875,22.45741081237793,1760.6279375256245,14.601120948791504,4862.68,1e-17
04592517882,gleam,Ha6563,narrow,1569.3182373046875,90.4961166381836,1841.0805775058393,88.81307220458984,6564.6,1e-17
04592660180,pyqsofit,Ha6563,broad,5669.220813175121,30.076103601439172,3798.6302420636907,303.1244805329497,nan,1e-17
04592660180,pyqsofit,Hb4861,broad,2799.5040726128973,26.424397225756593,3503.224504609059,117.24954372175891,nan,1e-17
04592660180,pyqsofit,OIII5007,outflow,102.87412643563562,8.364664884641236,nan,nan,4958.558317517803,1e-17
04592660180,pyqsofit,OIII5007,narrow,247.00758293088148,9.664902383614349,nan,nan,5005.794970253783,1e-17
04592660180,pyqsofit,OIII4959,outflow,33.420131936220244,2.7173810727022913,nan,nan,4881.389706341798,1e-17
04592660180,pyqsofit,OIII4959,narrow,80.24394759708383,3.139781828555027,nan,nan,4927.891228692125,1e-17
04592660180,pyqsofit,Ha6563,narrow,1071.4287041240566,36.28488962502784,nan,nan,6561.648863096726,1e-17
04592660180,pyqsofit,NII6585,narrow,5.633787063585526,2.6440185356737755,nan,nan,6595.370225569147,1e-17
04592660180,pyqsofit,SII6718,narrow,23.407081032899136,2.387847707149672,nan,nan,6728.582954654139,1e-17
04592660180,pyqsofit,SII6732,narrow,23.45718214049956,2.3929587167087534,nan,nan,6742.98498360152,1e-17
04592660180,badass,Ha6563,broad,1082.9204413112311,339.35761682904723,nan,nan,nan,1e-17
04592660180,badass,Ha6563,narrow,1010.6045281235129,133.66770180930584,nan,nan,nan,1e-17
04592660180,badass,Ha6563,outflow,4653.282267048635,121.59975005277529,nan,nan,nan,1e-17
04592660180,badass,Hb4861,broad,363.0781408026696,30.640907248559284,nan,nan,nan,1e-17
04592660180,badass,Hb4861,narrow,578.6178752486594,13.098007385773737,nan,nan,nan,1e-17
04592660180,badass,Hb4861,outflow,1305.76942232103,22.077795752973234,nan,nan,nan,1e-17
04592660180,badass,OIII5007,broad,0.0,0.0,nan,nan,nan,1e-17
04592660180,badass,OIII5007,narrow,226.15645856724586,6.648865650634403,nan,nan,nan,1e-17
04592660180,badass,OIII5007,outflow,356.42135016723535,10.478576147207518,nan,nan,nan,1e-17
04592660180,badass,OIII4959,broad,0.0,0.0,nan,nan,nan,1e-17
04592660180,badass,OIII4959,narrow,75.11204851182993,2.2082496447944475,nan,nan,nan,1e-17
04592660180,badass,OIII4959,outflow,118.45890312183576,3.4826214425550455,nan,nan,nan,1e-17
04592660180,badass,OII3727,broad,0.0,0.0,nan,nan,nan,1e-17
04592660180,badass,OII3727,narrow,0.0,0.0,nan,nan,nan,1e-17
04592660180,fantasy_agn,OIII5007,broad,78.74003057745392,nan,nan,nan,nan,1e-17
04592660180,fantasy_agn,OIII5007,narrow,286.8791632361934,nan,nan,nan,nan,1e-17
04592660180,fantasy_agn,OIII4959,broad,25.995754223465013,nan,nan,nan,nan,1e-17
04592660180,fantasy_agn,OIII4959,narrow,94.7127299531864,nan,nan,nan,nan,1e-17
04592660180,fantasy_agn,Hb4861,broad,1309.6494559051846,nan,nan,nan,nan,1e-17
04592660180,fantasy_agn,Hb4861,narrow,322.85302012562585,nan,nan,nan,nan,1e-17
04592660180,fantasy_agn,Ha6563,broad,4258.163012869132,nan,nan,nan,nan,1e-17
04592660180,fantasy_agn,Ha6563,narrow,864.4570266589438,nan,nan,nan,nan,1e-17
04592660180,fantasy_agn,NII6585,narrow,108.58076518898912,nan,nan,nan,nan,1e-17
04592660180,fantasy_agn,NII6548,narrow,24.36116166110956,nan,nan,nan,nan,1e-17
04592660180,gelato,OIII5007,narrow,197.36869744482738,6.162149585723552,419.46884559875195,nan,nan,1e-17
04592660180,gelato,OIII4959,narrow,69.07904410568958,2.1567523550032424,419.46884559875195,nan,nan,1e-17
04592660180,gelato,Ha6563,broad,2071.3872155297604,7.9164393503247465,499.99999999999994,nan,nan,1e-17
04592660180,gelato,Hb4861,broad,370.4630664248599,4.169315213400047,499.99999999999994,nan,nan,1e-17
04592660180,gelato,NII6585,narrow,1792.5905622893574,9.169311192605813,499.99999999999994,nan,nan,1e-17
04592660180,gelato,SII6718,narrow,65.36689011915766,5.560195273838284,499.99999999999994,nan,nan,1e-17
04592660180,gelato,SII6732,narrow,65.97216514224922,4.460436586500398,499.99999999999994,nan,nan,1e-17
04592660180,gelato,OII3727,narrow,89.18204251024952,8.948286725971037,499.9810115039339,nan,nan,1e-17
04592660180,gleam,OII3727,narrow,42.76268768310547,5.672348976135254,424.91670880905497,0.9851322174072266,3728.48,1e-17
04592660180,gleam,Hb4861,narrow,1090.8759765625,72.6920166015625,3964.604374794877,36.20334243774414,4862.68,1e-17
04592660180,gleam,Hb4861,broad,243.7111053466797,55.296085357666016,1314.7769778859567,8.088138580322266,4862.68,1e-17
04592660180,gleam,OIII4959,narrow,86.43737030029297,6.0609540939331055,639.2313975998871,2.8957152366638184,4960.3,1e-17
04592660180,gleam,OIII5007,narrow,259.3121032714844,18.182861328125,592.7253934678511,8.687145233154297,5008.24,1e-17
04592660180,gleam,Ha6563,narrow,3986.26318359375,106.36429595947266,2285.062021088058,126.34818267822266,6564.6,1e-17
04592660180,gleam,SII6718,narrow,20.49715805053711,9.21592903137207,208.83855026638562,0.9844829440116882,6718.29,1e-17
04592939295,pyqsofit,Ha6563,broad,7228.329769915856,59.09437172559956,3172.9302559154403,270.3967358934186,nan,1e-17
04592939295,pyqsofit,Hb4861,broad,4351.16574342033,414.8246777814213,3620.967092266971,134.57858407836477,nan,1e-17
04592939295,pyqsofit,OIII5007,outflow,162.41310143622837,197.6342145629493,nan,nan,4999.62708329492,1e-17
04592939295,pyqsofit,OIII5007,narrow,217.14007464182274,23.72907983491089,nan,nan,5006.088794644217,1e-17
04592939295,pyqsofit,OIII4959,outflow,52.762219872316294,64.20430242911948,nan,nan,4921.819330776857,1e-17
04592939295,pyqsofit,OIII4959,narrow,70.54106017328621,7.708731109410616,nan,nan,4928.180480378422,1e-17
04592939295,pyqsofit,Ha6563,narrow,4.266718949062084,3.686057398751292e-06,nan,nan,6531.215185993944,1e-17
04592939295,pyqsofit,NII6585,narrow,744.8598581236342,46.10727408331138,nan,nan,6564.780144934514,1e-17
04592939295,pyqsofit,SII6718,narrow,0.06860398575657466,4.4244178249922905,nan,nan,6697.375018162306,1e-17
04592939295,pyqsofit,SII6732,narrow,0.06875082746090239,4.433887960683606,nan,nan,6711.710248853981,1e-17
04592939295,badass,Ha6563,broad,5561.945981443587,51.829337753171345,nan,nan,nan,1e-17
04592939295,badass,Ha6563,narrow,0.0,0.0,nan,nan,nan,1e-17
04592939295,badass,Ha6563,outflow,5561.945981443587,51.829337753171345,nan,nan,nan,1e-17
04592939295,badass,Hb4861,broad,673.199499633909,43.901907629761226,nan,nan,nan,1e-17
04592939295,badass,Hb4861,narrow,813.1740098586306,18.98803226289537,nan,nan,nan,1e-17
04592939295,badass,Hb4861,outflow,1914.822539617675,30.559068961522378,nan,nan,nan,1e-17
04592939295,badass,OIII5007,broad,0.0,0.0,nan,nan,nan,1e-17
04592939295,badass,OIII5007,narrow,326.7406788644148,8.882223043148452,nan,nan,nan,1e-17
04592939295,badass,OIII5007,outflow,483.49174772615595,13.143394197964039,nan,nan,nan,1e-17
04592939295,badass,OIII4959,broad,0.0,0.0,nan,nan,nan,1e-17
04592939295,badass,OIII4959,narrow,108.56837807345437,2.9513574888587715,nan,nan,nan,1e-17
04592939295,badass,OIII4959,outflow,160.69196687456628,4.368301785938314,nan,nan,nan,1e-17
04592939295,badass,OII3727,broad,0.0,0.0,nan,nan,nan,1e-17
04592939295,badass,OII3727,narrow,142.1109808688052,10.911565689906356,nan,nan,nan,1e-17
04592939295,fantasy_agn,OIII5007,broad,372.52391376434406,nan,nan,nan,nan,1e-17
04592939295,fantasy_agn,OIII5007,narrow,50.42805853760573,nan,nan,nan,nan,1e-17
04592939295,fantasy_agn,OIII4959,broad,122.98630204831267,nan,nan,nan,nan,1e-17
04592939295,fantasy_agn,OIII4959,narrow,16.759756761444702,nan,nan,nan,nan,1e-17
04592939295,fantasy_agn,Hb4861,broad,1679.1759643561295,nan,nan,nan,nan,1e-17
04592939295,fantasy_agn,Hb4861,narrow,461.5498909105458,nan,nan,nan,nan,1e-17
04592939295,fantasy_agn,Ha6563,broad,5010.803848062319,nan,nan,nan,nan,1e-17
04592939295,fantasy_agn,Ha6563,narrow,802.2856091187828,nan,nan,nan,nan,1e-17
04592939295,fantasy_agn,NII6585,narrow,186.02566794556606,nan,nan,nan,nan,1e-17
04592939295,fantasy_agn,NII6548,narrow,35.66987310465261,nan,nan,nan,nan,1e-17
04592939295,gelato,OIII5007,narrow,213.49140693914995,6.51912531078324,499.80413041095136,nan,nan,1e-17
04592939295,gelato,OIII4959,narrow,74.72199242870248,2.2816938587741347,499.80413041095136,nan,nan,1e-17
04592939295,gelato,Ha6563,broad,2062.054029110941,15.231966962329382,499.99999999999994,nan,nan,1e-17
04592939295,gelato,Hb4861,broad,411.87588353378953,5.0157900334607195,499.99999999999994,nan,nan,1e-17
04592939295,gelato,NII6585,narrow,2570.752591080674,12.967925089204343,499.99999999999994,nan,nan,1e-17
04592939295,gelato,SII6718,narrow,113.47597181612977,4.888241810520393,499.99999999999994,nan,nan,1e-17
04592939295,gelato,SII6732,narrow,70.10921154689314,5.280897968640504,499.99999999999994,nan,nan,1e-17
04592939295,gelato,OII3727,narrow,170.23816501610764,6.746505128150402,499.99999999999994,nan,nan,1e-17
04592939295,gleam,OII3727,narrow,68.75607299804688,10.987691879272461,447.397876666997,1.1700499057769775,3728.48,1e-17
04592939295,gleam,Hb4861,narrow,1359.53125,36.7092399597168,2672.5606123096063,31.624170303344727,4862.68,1e-17
04592939295,gleam,OIII4959,narrow,100.81805419921875,6.175215721130371,425.36284971510923,2.518422842025757,4960.3,1e-17
04592939295,gleam,OIII5007,narrow,302.45416259765625,18.525646209716797,393.0971547783616,7.55526876449585,5008.24,1e-17
04592939295,gleam,Ha6563,narrow,5013.53955078125,60.57442092895508,2625.4323769362636,131.5384063720703,6564.6,1e-17
04592939295,gleam,Ha6563,broad,288.3757019042969,14.790088653564453,331.88250733298867,7.566007614135742,6564.6,1e-17
04592939295,gleam,NII6585,narrow,182.730712890625,16.21430206298828,408.40591436260655,4.794238567352295,6585.27,1e-17
04592939295,gleam,SII6718,narrow,28.425838470458984,13.58298110961914,298.92107225236845,0.9504607319831848,6718.29,1e-17
04592975881,pyqsofit,Ha6563,broad,9599.494217456788,141.7823646527704,4329.672718818517,428.9948911619007,nan,1e-17
04592975881,pyqsofit,Hb4861,broad,3432.622710173812,213.8913760706107,4600.114637484511,117.58603248936079,nan,1e-17
04592975881,pyqsofit,OIII5007,outflow,582.4721677268853,46.179503973107785,nan,nan,5003.252214937653,1e-17
04592975881,pyqsofit,OIII5007,narrow,282.64933597406116,18.937203874468796,nan,nan,5008.4274160658215,1e-17
04592975881,pyqsofit,OIII4959,outflow,189.2244179277481,15.002072620233317,nan,nan,4925.388045542691,1e-17
04592975881,pyqsofit,OIII4959,narrow,91.8226810494306,6.152021639608469,nan,nan,4930.482706510183,1e-17
04592975881,pyqsofit,Ha6563,narrow,503.90929229284933,129.65252554104083,nan,nan,6558.520281172799,1e-17
04592975881,pyqsofit,NII6585,narrow,3.6568788557378844,3.3157305248014386,nan,nan,6592.225565362568,1e-17
04592975881,pyqsofit,SII6718,narrow,59.47742334608917,15.975302336601969,nan,nan,6725.37477886711,1e-17
04592975881,pyqsofit,SII6732,narrow,59.60473032565958,16.00949627732403,nan,nan,6739.769940953985,1e-17
04592975881,badass,Ha6563,broad,4784.959665639093,57.98655928091816,nan,nan,nan,1e-17
04592975881,badass,Ha6563,narrow,870.867927659303,16.71173273329653,nan,nan,nan,1e-17
04592975881,badass,Ha6563,outflow,7572.914856967516,52.25953073791912,nan,nan,nan,1e-17
04592975881,badass,Hb4861,broad,0.0,0.0,nan,nan,nan,1e-17
04592975881,badass,Hb4861,narrow,748.4022166528739,7.768455122629764,nan,nan,nan,1e-17
04592975881,badass,Hb4861,outflow,1531.1800118328404,15.893730592874846,nan,nan,nan,1e-17
04592975881,badass,OIII5007,broad,339.3425574244229,15.724191557032894,nan,nan,nan,1e-17
04592975881,badass,OIII5007,narrow,589.4665145799454,11.982216232420418,nan,nan,nan,1e-17
04592975881,badass,OIII5007,outflow,928.8090746217986,15.319235400734499,nan,nan,nan,1e-17
04592975881,badass,OIII4959,broad,112.85667302652337,5.229464758642035,nan,nan,nan,1e-17
04592975881,badass,OIII4959,narrow,195.9130480249322,3.9823678633554196,nan,nan,nan,1e-17
04592975881,badass,OIII4959,outflow,308.7697236744648,5.09266781605781,nan,nan,nan,1e-17
04592975881,badass,OII3727,broad,0.0,0.0,nan,nan,nan,1e-17
04592975881,badass,OII3727,narrow,110.96774863640894,8.002146231665105,nan,nan,nan,1e-17
04592975881,fantasy_agn,OIII5007,broad,274.5807103917906,nan,nan,nan,nan,1e-17
04592975881,fantasy_agn,OIII5007,narrow,616.3165450880018,nan,nan,nan,nan,1e-17
04592975881,fantasy_agn,OIII4959,broad,90.65158324056728,nan,nan,nan,nan,1e-17
04592975881,fantasy_agn,OIII4959,narrow,203.48114576294765,nan,nan,nan,nan,1e-17
04592975881,fantasy_agn,Hb4861,broad,2029.170465700412,nan,nan,nan,nan,1e-17
04592975881,fantasy_agn,Hb4861,narrow,162.4318300482315,nan,nan,nan,nan,1e-17
04592975881,fantasy_agn,Ha6563,broad,6943.983346127793,nan,nan,nan,nan,1e-17
04592975881,fantasy_agn,Ha6563,narrow,777.9858722678666,nan,nan,nan,nan,1e-17
04592975881,fantasy_agn,NII6585,narrow,246.48065605404759,nan,nan,nan,nan,1e-17
04592975881,fantasy_agn,NII6548,narrow,55.45884484125652,nan,nan,nan,nan,1e-17
04592975881,gelato,OIII5007,narrow,549.6714361032994,16.29862089208629,161.90129826652202,nan,nan,1e-17
04592975881,gelato,OIII4959,narrow,192.38500263615475,5.704517312230203,161.90129826652202,nan,nan,1e-17
04592975881,gelato,Ha6563,broad,2410.9730305631247,81.28938447239527,499.99999999999994,nan,nan,1e-17
04592975881,gelato,Hb4861,broad,410.6508533126298,16.532898332239302,499.99999999999994,nan,nan,1e-17
04592975881,gelato,NII6585,narrow,2388.279506708267,30.581983173138468,499.99999999999994,nan,nan,1e-17
04592975881,gelato,SII6718,narrow,201.82170527474523,6.299992420511652,499.99999999999994,nan,nan,1e-17
04592975881,gelato,SII6732,narrow,48.93789431421244,5.227483780941399,499.99999999999994,nan,nan,1e-17
04592975881,gelato,OII3727,narrow,155.22610366192478,5.022699576944196,312.5013930316595,nan,nan,1e-17
04592975881,gleam,OII3727,narrow,131.75209045410156,6.314345836639404,607.6198196796352,2.6765027046203613,3728.48,1e-17
04592975881,gleam,Hb4861,narrow,1397.0294189453125,82.01158905029297,3824.5526974290096,36.29572296142578,4862.68,1e-17
04592975881,gleam,OIII4959,narrow,247.8255615234375,8.831151962280273,468.06959485561947,6.5494513511657715,4960.3,1e-17
04592975881,gleam,OIII5007,narrow,743.4766845703125,26.49345588684082,462.0013438330322,19.648353576660156,5008.24,1e-17
04592975881,gleam,Ha6563,narrow,5392.08544921875,202.8813934326172,3886.23675357642,143.75100708007812,6564.6,1e-17
04592975881,gleam,Ha6563,broad,818.6051635742188,107.8154296875,1168.01894545777,21.823711395263672,6564.6,1e-17
04592975881,gleam,NII6585,narrow,124.81333923339844,17.48779296875,333.65091389199006,3.3274776935577393,6585.27,1e-17
04592979214,pyqsofit,Ha6563,broad,5155.067717000161,22.789279654217808,4056.3741144918217,250.23456071063288,nan,1e-17
04592979214,pyqsofit,Hb4861,broad,1999.981430510472,29.88673482273532,4772.339049914813,87.39907880768709,nan,1e-17
04592979214,pyqsofit,OIII5007,outflow,276.6459957105558,10.192115283253788,nan,nan,4960.469775911086,1e-17
04592979214,pyqsofit,OIII5007,narrow,188.14172150903562,12.148063893817618,nan,nan,5007.8377626616175,1e-17
04592979214,pyqsofit,OIII4959,outflow,89.87241006666895,3.311054482573152,nan,nan,4883.271417260093,1e-17
04592979214,pyqsofit,OIII4959,narrow,61.12053023821846,3.9464723751995203,nan,nan,4929.902229711629,1e-17
04592979214,pyqsofit,Ha6563,narrow,21.516116375873953,5.197848362707837,nan,nan,6551.838726957244,1e-17
04592979214,pyqsofit,NII6585,narrow,105.18653214095335,6.032061697938081,nan,nan,6585.509673571765,1e-17
04592979214,pyqsofit,SII6718,narrow,160.87047843761798,2.4616754522684428,nan,nan,6718.523240062858,1e-17
04592979214,pyqsofit,SII6732,narrow,161.21480967390525,2.466944484598364,nan,nan,6732.903736942978,1e-17
04592979214,badass,Ha6563,broad,1431.3122361353162,66.38565207212642,nan,nan,nan,1e-17
04592979214,badass,Ha6563,narrow,847.1916118590161,13.534170126497855,nan,nan,nan,1e-17
04592979214,badass,Ha6563,outflow,4829.525687654808,35.084842611344335,nan,nan,nan,1e-17
04592979214,badass,Hb4861,broad,376.96662468711384,34.782405059033564,nan,nan,nan,1e-17
04592979214,badass,Hb4861,narrow,507.5309034762904,12.865481716194573,nan,nan,nan,1e-17
04592979214,badass,Hb4861,outflow,1163.2892563531796,22.020544526766372,nan,nan,nan,1e-17
04592979214,badass,OIII5007,broad,0.0,0.0,nan,nan,nan,1e-17
04592979214,badass,OIII5007,narrow,941.6367385545745,13.657483719713948,nan,nan,nan,1e-17
04592979214,badass,OIII5007,outflow,1489.1567545100406,21.598704997473078,nan,nan,nan,1e-17
04592979214,badass,OIII4959,broad,0.0,0.0,nan,nan,nan,1e-17
04592979214,badass,OIII4959,narrow,312.76726944197435,4.536371315567123,nan,nan,nan,1e-17
04592979214,badass,OIII4959,outflow,494.93175007210476,7.178481937052779,nan,nan,nan,1e-17
04592979214,badass,OII3727,broad,11.453342183493534,0.0,nan,nan,nan,1e-17
04592979214,badass,OII3727,narrow,401.9856586654205,9.348622470927937,nan,nan,nan,1e-17
04592979214,fantasy_agn,OIII5007,broad,622.4071604538643,nan,nan,nan,nan,1e-17
04592979214,fantasy_agn,OIII5007,narrow,0.0,nan,nan,nan,nan,1e-17
04592979214,fantasy_agn,OIII4959,broad,205.48489626090472,nan,nan,nan,nan,1e-17
04592979214,fantasy_agn,OIII4959,narrow,0.0,nan,nan,nan,nan,1e-17
04592979214,fantasy_agn,Hb4861,broad,1159.9243429715275,nan,nan,nan,nan,1e-17
04592979214,fantasy_agn,Hb4861,narrow,151.6858899594436,nan,nan,nan,nan,1e-17
04592979214,fantasy_agn,Ha6563,broad,4753.0185893916805,nan,nan,nan,nan,1e-17
04592979214,fantasy_agn,Ha6563,narrow,0.0,nan,nan,nan,nan,1e-17
04592979214,fantasy_agn,NII6585,narrow,0.0,nan,nan,nan,nan,1e-17
04592979214,fantasy_agn,NII6548,narrow,0.0,nan,nan,nan,nan,1e-17
04592979214,gelato,OIII5007,narrow,29.67558276046811,2.5182241832691843,33.360940120920276,nan,nan,1e-17
04592979214,gelato,OIII4959,narrow,10.386453966163838,0.8813784641442145,33.360940120920276,nan,nan,1e-17
04592979214,gelato,Ha6563,broad,1129.2224478019998,7.939061378074299,499.99999999999994,nan,nan,1e-17
04592979214,gelato,Hb4861,broad,202.50920369323302,4.81266173647054,499.99999999999994,nan,nan,1e-17
04592979214,gelato,NII6585,narrow,1469.1951342231027,5.802391752338417,499.99999999999994,nan,nan,1e-17
04592979214,gelato,SII6718,narrow,180.22961245604512,2.762760629053694,147.92937291568308,nan,nan,1e-17
04592979214,gelato,SII6732,narrow,154.51548393214568,3.259110101418076,147.92937291568308,nan,nan,1e-17
04592979214,gelato,OII3727,narrow,402.43653703138295,4.566351053888876,198.36418648857196,nan,nan,1e-17
04592979214,gleam,OII3727,narrow,379.9739685058594,7.269810199737549,446.6713221778863,11.990065574645996,3728.48,1e-17
04592979214,gleam,Hb4861,narrow,2007.6884765625,401.4577331542969,6572.054463663055,96.41809844970703,4862.68,1e-17
04592979214,gleam,Hb4861,broad,154.9658966064453,5.287650108337402,375.39614799020296,7.442148685455322,4862.68,1e-17
04592979214,gleam,OIII4959,narrow,408.2820129394531,4.340760707855225,344.6063503871406,15.114640235900879,4960.3,1e-17
04592979214,gleam,OIII5007,narrow,1224.8460693359375,13.022281646728516,354.0489596145901,45.34392166137695,5008.24,1e-17
04592979214,gleam,Ha6563,narrow,523.0010375976562,19.67690086364746,324.34501667690415,22.26972007751465,6564.6,1e-17
04592979214,gleam,Ha6563,broad,4161.6357421875,278.8765869140625,4036.701733720762,177.2051239013672,6564.6,1e-17
04592979214,gleam,NII6585,narrow,125.49760437011719,14.29845905303955,225.8944809501246,5.343769073486328,6585.27,1e-17
04592979214,gleam,SII6718,narrow,156.57080078125,7.119525909423828,322.1022216346504,7.08747673034668,6718.29,1e-17
04592979214,gleam,SII6732,narrow,137.35848999023438,7.133560657501221,322.00352706143804,6.217794895172119,6732.67,1e-17
06872228427,pyqsofit,Ha6563,broad,1508.972688939671,11.354573412319837,3063.9912456482316,94.78541834456705,nan,1e-17
06872228427,pyqsofit,Hb4861,broad,433.62521059286837,22.55480313961317,3590.3083870277715,32.13164654905626,nan,1e-17
06872228427,pyqsofit,OIII5007,outflow,137.293563023991,4.932576345313804,nan,nan,4961.965987536074,1e-17
06872228427,pyqsofit,OIII5007,narrow,211.14832053490682,6.50368655106752,nan,nan,5008.842876591559,1e-17
06872228427,pyqsofit,OIII4959,outflow,44.60177839883105,1.6024180030243553,nan,nan,4884.744343775633,1e-17
06872228427,pyqsofit,OIII4959,narrow,68.59455311927195,2.1128156334283736,nan,nan,4930.891701343733,1e-17
06872228427,pyqsofit,Ha6563,narrow,0.02142359979963746,0.029154613891268163,nan,nan,6555.890535377617,1e-17
06872228427,pyqsofit,NII6585,narrow,163.40584181729633,4.551230515443555,nan,nan,6589.582304883345,1e-17
06872228427,pyqsofit,SII6718,narrow,57.35940891565702,1.4385838563925821,nan,nan,6722.678130036654,1e-17
06872228427,pyqsofit,SII6732,narrow,57.48218244363091,1.4416630376232553,nan,nan,6737.067520148243,1e-17
06872228427,badass,Ha6563,broad,0.0,0.0,nan,nan,nan,1e-17
06872228427,badass,Ha6563,narrow,383.96348100109026,5.134018568235086,nan,nan,nan,1e-17
06872228427,badass,Ha6563,outflow,1439.0730620681875,19.242006563858652,nan,nan,nan,1e-17
06872228427,badass,Hb4861,broad,126.07552046677802,17.43771721484937,nan,nan,nan,1e-17
06872228427,badass,Hb4861,narrow,69.26825330490828,6.903786415068667,nan,nan,nan,1e-17
06872228427,badass,Hb4861,outflow,233.35705130475026,10.212388832714005,nan,nan,nan,1e-17
06872228427,badass,OIII5007,broad,0.07779931723284861,0.0,nan,nan,nan,1e-17
06872228427,badass,OIII5007,narrow,391.26931357327055,7.177716390908872,nan,nan,nan,1e-17
06872228427,badass,OIII5007,outflow,391.34881875131884,6.8664883463782305,nan,nan,nan,1e-17
06872228427,badass,OIII4959,broad,0.023416804991038376,0.0,nan,nan,nan,1e-17
06872228427,badass,OIII4959,narrow,130.04107153740762,2.3855638515096897,nan,nan,nan,1e-17
06872228427,badass,OIII4959,outflow,130.0652232219067,2.282085180100715,nan,nan,nan,1e-17
06872228427,badass,OII3727,broad,0.0007229442657981089,0.0,nan,nan,nan,1e-17
06872228427,badass,OII3727,narrow,100.48645003754064,2.4729744971535013,nan,nan,nan,1e-17
06872228427,fantasy_agn,OIII5007,broad,278.725515817759,nan,nan,nan,nan,1e-17
06872228427,fantasy_agn,OIII5007,narrow,177.95117641788224,nan,nan,nan,nan,1e-17
06872228427,fantasy_agn,OIII4959,broad,92.01991842553039,nan,nan,nan,nan,1e-17
06872228427,fantasy_agn,OIII4959,narrow,58.74980257576022,nan,nan,nan,nan,1e-17
06872228427,fantasy_agn,Hb4861,broad,185.40673305616917,nan,nan,nan,nan,1e-17
06872228427,fantasy_agn,Hb4861,narrow,31.791258531992902,nan,nan,nan,nan,1e-17
06872228427,fantasy_agn,Ha6563,broad,1018.0097237524067,nan,nan,nan,nan,1e-17
06872228427,fantasy_agn,Ha6563,narrow,248.43061391789524,nan,nan,nan,nan,1e-17
06872228427,fantasy_agn,NII6585,narrow,187.74686451323745,nan,nan,nan,nan,1e-17
06872228427,fantasy_agn,NII6548,narrow,43.58284980131286,nan,nan,nan,nan,1e-17
06872228427,gelato,OIII5007,narrow,400.8597297242463,2.8982073823184433,203.9868261712404,nan,nan,1e-17
06872228427,gelato,OIII4959,narrow,140.30090540348618,1.0143725838114557,203.9868261712404,nan,nan,1e-17
06872228427,gelato,Ha6563,broad,499.5503799274329,5.0136427861060024,499.99999999999943,nan,nan,1e-17
06872228427,gelato,Hb4861,broad,44.69661991119768,2.6158049717824468,499.99999999999943,nan,nan,1e-17
06872228427,gelato,NII6585,narrow,539.2181290825665,3.8304608836386866,499.99999999999994,nan,nan,1e-17
06872228427,gelato,SII6718,narrow,71.3303379242011,1.9775863651376366,159.38385312231964,nan,nan,1e-17
06872228427,gelato,SII6732,narrow,58.552812776258435,1.8856302048205087,159.38385312231964,nan,nan,1e-17
06872228427,gelato,OII3727,narrow,106.74152563226154,2.098633658253979,204.37128752070825,nan,nan,1e-17
06872228427,gleam,OII3727,narrow,102.59188842773438,3.1541106700897217,456.9667334807066,10.50505542755127,3728.48,1e-17
06872228427,gleam,Hb4861,narrow,47.619903564453125,3.5112600326538086,458.4931974773277,2.866039276123047,4862.68,1e-17
06872228427,gleam,OIII4959,narrow,138.58851623535156,2.2744970321655273,512.8804342915653,8.74620246887207,4960.3,1e-17
06872228427,gleam,OIII5007,narrow,415.7655334472656,6.823491096496582,489.52936678957093,26.238609313964844,5008.24,1e-17
06872228427,gleam,Ha6563,narrow,987.6644287109375,87.91809844970703,1870.6861345924315,50.867103576660156,6564.6,1e-17
06872228427,gleam,NII6585,narrow,152.27919006347656,30.908559799194336,312.94996363764403,7.842746734619141,6585.27,1e-17
06872228427,gleam,SII6718,narrow,53.442543029785156,4.406556606292725,320.29682072391756,3.218939781188965,6718.29,1e-17
06872228427,gleam,SII6732,narrow,59.681331634521484,5.405643463134766,469.69523366341366,3.5947132110595703,6732.67,1e-17
