# iter, APOLY_COEFF_1, APOLY_COEFF_2, APOLY_COEFF_3, APOLY_COEFF_4, APOLY_COEFF_5, APOLY_COEFF_6, APOLY_COEFF_7, POWER_AMP, POWER_SLOPE, NA_H_BETA_VOFF, NA_H_BETA_AMP, NA_H_BETA_2_AMP, NA_OIII_4960_AMP, NA_OIII_4960_2_AMP, NA_OIII_5007_VOFF, NA_OIII_5007_AMP, NA_OIII_5007_DISP, NA_OIII_5007_2_VOFF, NA_OIII_5007_2_AMP, NA_OIII_5007_2_DISP, NA_H_ALPHA_VOFF, NA_H_ALPHA_AMP, NA_H_ALPHA_DISP, NA_H_ALPHA_2_VOFF, NA_H_ALPHA_2_AMP, NA_H_ALPHA_2_DISP, BR_H_BETA_VOFF, BR_H_BETA_AMP, BR_H_BETA_DISP, BR_OIII_4960_VOFF, BR_OIII_4960_AMP, BR_OIII_4960_DISP, BR_OIII_5007_VOFF, BR_OIII_5007_AMP, BR_OIII_5007_DISP, BR_H_ALPHA_VOFF, BR_H_ALPHA_AMP, BR_H_ALPHA_DISP
 0, 0.02820828943592381, -0.011097695409487672, 0.00402111769534339, 0.012701936705723366, -0.023791878938027144, -0.02332894322771971, 0.005561977747928973, 0.4289930628176059, -0.8387754664176121, 20.057094965916637, 0.24665534007362458, 5.3324090704686355, 0.07485955801795594, 1.0221186415822452, -5.834685993261627, 0.07330617886803528, 0.016763588318654002, -10.238243908764812, 10.24127283829261, 0.4854830950020275, 6.089951203053425, 0.0, 7.302342852003561, 1.8749844635161574, 2.3061713028120057, 0.4558115932263255, 79.48466746415261, 0.2125127661492317, 671.9325934013183, 19.28227590110078, 0.0, 494.72634799656765, 138.49289162508663, 0.4394680771532483, 795.7759292638344, 32.95427676066839, 0.585760007656009, 584.1942311974707
100, 0.028075983275281647, -0.011091661785923317, 0.003981716805264713, 0.01276152834653375, -0.02380767578294889, -0.023332469836511497, 0.005459275653213611, 0.42896572012816403, -0.8387659736584797, 20.05705470305288, 0.246663553476827, 5.332557816982298, 0.07478503890551386, 1.022043152182996, -5.834725395610554, 0.07333371818707643, 0.016807201748932972, -10.238321999777725, 10.241323951709013, 0.4854547716078587, 6.089935120277103, 0.0009300812559644171, 7.30224999917595, 1.875010065916115, 2.3062111647056343, 0.45582523752552273, 79.48455635632081, 0.2127229679840325, 671.9324507484756, 19.282345958768776, 0.0008945431098804242, 494.72631929701936, 138.49291549043073, 0.4395522460383131, 795.7760066527023, 32.954141519051554, 0.5858315923026712, 584.1942971649662
200, 0.028105296561503873, -0.011127592899270903, 0.003997183561514824, 0.012806326050925076, -0.02382251098435055, -0.02328513542387591, 0.0055425653868515605, 0.4289965833289215, -0.8384580166470342, 20.056631794497417, 0.24691226900486934, 5.332777629228653, 0.07493591365451605, 1.021663589287816, -5.835120821280636, 0.07324231534489797, 0.01692359797780351, -10.238459080932927, 10.241305617662263, 0.4849850323900087, 6.089626779491201, 0.0021875666406817778, 7.301621021602873, 1.874845826074688, 2.3064831069157132, 0.4557074066825109, 79.4847937189205, 0.21215831083510914, 671.9317281927092, 19.282414059346312, 0.0019965517613763743, 494.7261350789479, 138.49275037757567, 0.43918807983353714, 795.7762015566857, 32.9541760893701, 0.5862182580368019, 584.1944153145229
300, 0.028171091605132377, -0.011133437322082627, 0.004075588226629493, 0.012861872281720045, -0.0237164127278615, -0.0232040234883237, 0.0057493396176396955, 0.4289872685625969, -0.8391537849507729, 20.055991778441815, 0.24791676892693612, 5.332917356970354, 0.07597779118421465, 1.0210317427479105, -5.83543263632299, 0.07356162686051941, 0.019701516464029685, -10.23944452397224, 10.241717418905786, 0.48486905142633063, 6.08859658262322, 0.004260214319989188, 7.300187320037363, 1.8739493172766015, 2.306558793412932, 0.4568381707624977, 79.48553966633192, 0.21198349772447903, 671.9303509961123, 19.281519489988668, 0.003822644698519001, 494.7256172355964, 138.49190344938322, 0.4385446648975064, 795.7750952214075, 32.95486142522071, 0.5859053508977777, 584.1952596108646
400, 0.028725177747326153, -0.011280670154706745, 0.004034700966316658, 0.012784408119730846, -0.023821662406508997, -0.02332152518097761, 0.005836366611170338, 0.4288231667882079, -0.8413097953479851, 20.052544318338224, 0.2485866850565523, 5.331794219271748, 0.07893315217444455, 1.0213867565941044, -5.834027138946294, 0.07452306614685746, 0.027493761830474486, -10.242332865864485, 10.241902021289043, 0.48467009370209135, 6.086754246622327, 0.007111033042823399, 7.297489279763438, 1.8726521266221638, 2.3058446371652304, 0.45902715360270124, 79.48568264503574, 0.21231727577697923, 671.9284471226804, 19.27945545908738, 0.005647139810914453, 494.7273793329017, 138.48988631763532, 0.43839462333237944, 795.7716716906566, 32.954576423660825, 0.5855153476178433, 584.1959987103759
500, 0.029449340935042718, -0.011351008355339469, 0.004111423732414254, 0.012645304911192552, -0.02384849760317195, -0.023206718426947076, 0.005785314559063095, 0.42860515536707805, -0.8439930088835474, 20.044742297727133, 0.2517799948583438, 5.331719845501051, 0.085816564420168, 1.0216406130397218, -5.838092233071734, 0.0801902613521574, 0.040441217217429576, -10.242540492976824, 10.240909338824418, 0.48206038749923674, 6.083311618366829, 0.010761099555777278, 7.291979266998369, 1.8704840726724752, 2.306453277523338, 0.4646738431891135, 79.48646664815423, 0.21274893496928113, 671.9277225698982, 19.275225893124535, 0.00704815143748652, 494.7245268943732, 138.4880603492669, 0.4377604306272644, 795.7647021369712, 32.95545836586881, 0.5864755795598697, 584.195832403369
600, 0.029682778608117934, -0.011293108233242736, 0.0043887147526108705, 0.012618595318234787, -0.02385567947322262, -0.023232873545629973, 0.005622582894619315, 0.42852953395944865, -0.8458213565807104, 20.034315889792047, 0.2675428338010016, 5.335118611525247, 0.10641877779773683, 1.0276562338149635, -5.843388711738903, 0.09213140817688116, 0.055186400980150485, -10.246075434174827, 10.235567060186456, 0.4817961614655689, 6.08302412082388, 0.015683087365314097, 7.284096575199408, 1.8629202545672054, 2.303437116939584, 0.47141559217087203, 79.4881099511018, 0.2131098671660941, 671.9281278180929, 19.265317405087863, 0.008468273581649803, 494.72419438453744, 138.4890288708017, 0.43748383261733814, 795.7580917230079, 32.956001242214505, 0.5865308440766274, 584.1945587656404
700, 0.03127374766188918, -0.011523186878942061, 0.004553782962393243, 0.012553568969151895, -0.02378261907999754, -0.02324325825250625, 0.005627422107730132, 0.42798753022506714, -0.8529721395772151, 20.024652168819134, 0.28676392242490406, 5.341674723205113, 0.13392776237967205, 1.0339401033089768, -5.844750366095938, 0.11406564722642618, 0.07910456880917657, -10.257508641126595, 10.223267525478839, 0.4953888912160204, 6.08302412082388, 0.02119066051285523, 7.276055439900698, 1.848425073935461, 2.3042167468554755, 0.48178564925534906, 79.49996950733816, 0.21303238280762263, 671.931476914697, 19.253419537138797, 0.009677422293732172, 494.72510730021304, 138.48949707643465, 0.436580829714287, 795.7529255713282, 32.95197450931465, 0.5854325894775724, 584.188988207015
800, 0.032175454903755625, -0.011580962799447942, 0.004668469266833823, 0.012560267462900962, -0.023915707182387263, -0.023187471490597675, 0.005696374324755596, 0.42777234673659276, -0.8575185108129697, 20.00196236229842, 0.3191513451752432, 5.363487524524446, 0.1751877001142858, 1.044980178394721, -5.857622889284341, 0.1403529369642771, 0.1033018606557486, -10.262049265768438, 10.20868315247522, 0.4999838234667737, 6.077540145867788, 0.028815308423260716, 7.259790034214713, 1.8431404368154487, 2.3037836668645824, 0.49378903959832726, 79.51104717503308, 0.21335600917689812, 671.9237591848287, 19.230347016729958, 0.009881802460658512, 494.7172047706303, 138.4741912805655, 0.43627353671795815, 795.7372736913584, 32.95432877066613, 0.58524195725319, 584.1965479262957
900, 0.030814488212409813, -0.01158320260997749, 0.004593397045368923, 0.012496477380101423, -0.023994400550968697, -0.02314281214767147, 0.005678402471696594, 0.42807538203770745, -0.8519834109820901, 19.964142908899646, 0.3601889820886007, 5.368346331906934, 0.21623045241613015, 1.0487523931641194, -5.876098221694053, 0.17460115578630725, 0.1328459512661388, -10.281676968630265, 10.205753884206134, 0.5074741095049395, 6.09632386880563, 0.034557508469228296, 7.221437538935511, 1.839457580025302, 2.2968210789447965, 0.5115064268467395, 79.52007775861006, 0.21394137664541438, 671.9285027042858, 19.207723612959303, 0.00998534450634432, 494.70942978578313, 138.46056040369493, 0.43579712190335296, 795.7260461339375, 32.95509453580869, 0.5845127422650039, 584.1990357210574
1000, 0.031219668609149594, -0.011497164192849674, 0.004538837465969447, 0.012548996800073375, -0.023985863073276208, -0.02314371174577556, 0.005782783285207449, 0.4278769597284969, -0.8535671603736423, 19.927011686172815, 0.41317182737999125, 5.3702926107170565, 0.2662472224920483, 1.0681023451934755, -5.88513198638722, 0.2193723630690495, 0.1637425558802168, -10.304507885987253, 10.193326406067237, 0.545682779885866, 6.099668425975012, 0.04100722503262706, 7.187304900953337, 1.822557694920142, 2.2803766329528234, 0.5256625572567115, 79.54035981677731, 0.21300367030442918, 671.9265069237659, 19.17755389857355, 0.009783411325792132, 494.69177948143624, 138.43363560888343, 0.4352762576647895, 795.7151049456443, 32.95005585807733, 0.5837968790226266, 584.1856397341306
1100, 0.030772496007247203, -0.01121659171436835, 0.004531386294940612, 0.012597478295591316, -0.02398877253365885, -0.023235105363035143, 0.005726364679443085, 0.42817268834984806, -0.8503246027545031, 19.88730165061988, 0.4760389751969611, 5.353415832222718, 0.3066558801165134, 1.089339604175716, -5.893011531387385, 0.2590649386362273, 0.19037111154211828, -10.343018845967748, 10.179673137034037, 0.5917952669916083, 6.123568649668953, 0.045831994331032785, 7.120793725983321, 1.8085903155641052, 2.2423776376864737, 0.5661054406102202, 79.5693068095185, 0.21225936392701236, 671.9684077148343, 19.16234632160617, 0.009947758787307156, 494.72775502250244, 138.4206080597442, 0.43517497854524456, 795.7020259769059, 32.93564889011624, 0.5836828219406145, 584.1822437175864
1200, 0.029158092927837928, -0.01074771636389921, 0.004556295104680418, 0.012609164967703656, -0.023910506175245132, -0.02331859967878038, 0.005646748446919578, 0.42881408032346197, -0.840946934448106, 19.824625207188426, 0.5498307030899989, 5.349243305117012, 0.37300997026586236, 1.1021614510247884, -5.896501082816944, 0.30392949370211264, 0.2154814461506809, -10.373655871139924, 10.181873925598442, 0.6250244671566477, 6.15857137317207, 0.051034642805344324, 7.047586238981683, 1.8222275777178643, 2.195293155401878, 0.5896897885601055, 79.63553814301245, 0.21228072119859198, 671.973093617356, 19.14696264991509, 0.010062452460089782, 494.6964992212704, 138.4078106321333, 0.43498683918737885, 795.6330060681018, 32.93756113669701, 0.5820572675963078, 584.1511958358619
1300, 0.02908025574315945, -0.011034155195642888, 0.0045800549505357925, 0.012601099271195657, -0.02381863548180712, -0.023393391098853536, 0.0055852506349114315, 0.42874213366246355, -0.8432195848445454, 19.79961033608318, 0.626993483875572, 5.347985379846164, 0.4130198796441575, 1.1498972453491318, -5.918149286634215, 0.3567166560730304, 0.24377554309459032, -10.417066016463815, 10.174825462482447, 0.6905026340492998, 6.181277712480875, 0.05538234408729824, 6.991710985473728, 1.8569755188355845, 2.160060449690877, 0.6118709628804062, 79.67614836600501, 0.21244165501392853, 671.9584163020935, 19.127214385801782, 0.009786092698516498, 494.6179800344517, 138.36980130694923, 0.43571929247321084, 795.5787810604478, 32.88401222817902, 0.5822411336223692, 584.1349901085514
1400, 0.029714702047489785, -0.011379369786099285, 0.004668963033990869, 0.012454060688389224, -0.02380654226137793, -0.023384562636374288, 0.005665004764593587, 0.42860963350685505, -0.8444624241722574, 19.79164228692322, 0.7014206807794976, 5.343423670595489, 0.46954614107465575, 1.209729974124794, -5.911131813577659, 0.41831222983334354, 0.2726668537357533, -10.425753272865649, 10.156161278123149, 0.7338371655654157, 6.194079753779692, 0.060479612259191476, 6.913296634950969, 1.9215834385955037, 2.121106810226045, 0.6514269167502724, 79.76686885884392, 0.2124396010864274, 671.9848987433822, 19.133246850313974, 0.00980259075366545, 494.6317262217923, 138.37683710706884, 0.4356617899016912, 795.6031955732483, 32.84959710195238, 0.5824001730234031, 584.0818919817444
1500, 0.030166009916809247, -0.011420825574892487, 0.004748757010838253, 0.01246801862573233, -0.023847153302361403, -0.02338881597261766, 0.005733389552027632, 0.4282927183763439, -0.8480897474887493, 19.733720427805128, 0.7649497797550809, 5.355143614855043, 0.5211215455465082, 1.265777704313644, -5.868744145599207, 0.46917558808708953, 0.30763882841597656, -10.496627251590818, 10.130822918180481, 0.7453625394210583, 6.2830965412645305, 0.06867537441883467, 6.852184956870053, 2.0214615865562253, 2.0893063206693214, 0.671130170820802, 79.8305954170744, 0.21277835548869595, 672.0612131466468, 19.11593361749982, 0.009887896719974688, 494.56787030885073, 138.3654234051423, 0.43604669964834547, 795.5789831585076, 32.82123560101884, 0.5829397441033736, 584.0237331548931