# iter, APOLY_COEFF_1, APOLY_COEFF_2, APOLY_COEFF_3, APOLY_COEFF_4, APOLY_COEFF_5, APOLY_COEFF_6, APOLY_COEFF_7, POWER_AMP, POWER_SLOPE, NA_OPT_FEII_AMP, BR_OPT_FEII_AMP, NA_OPT_FEII_DISP, BR_OPT_FEII_DISP, NA_OPT_FEII_VOFF, BR_OPT_FEII_VOFF, NA_OII_VOFF, NA_OII_AMP, NA_OII_DISP, NA_H_BETA_VOFF, NA_H_BETA_AMP, NA_H_BETA_DISP, NA_OIII_a_VOFF, NA_OIII_a_AMP, NA_OIII_a_DISP, NA_OIII_b_VOFF, NA_OIII_b_AMP, NA_OIII_b_DISP, NA_H_ALPHA_VOFF, NA_H_ALPHA_AMP, NA_H_ALPHA_DISP, BR_H_BETA_VOFF, BR_H_BETA_AMP, BR_H_BETA_DISP, BR_OII_VOFF, BR_OII_AMP, BR_OII_DISP, BR_OIII_a_VOFF, BR_OIII_a_AMP, BR_OIII_a_DISP, BR_OIII_b_VOFF, BR_OIII_b_AMP, BR_OIII_b_DISP, BR_H_ALPHA_VOFF, BR_H_ALPHA_AMP, BR_H_ALPHA_DISP
 0, 0.4087688165563323, -0.16449456496507728, 0.03498862614869014, -0.002858510601255977, -0.017595590111379362, -0.016281091599364413, 0.00016598140925418083, 0.22649977777948405, -2.630766895955003, 0.037316948550620586, 0.0774026675309065, 10.829594355340426, 506.03596738571383, 11.987452375530523, 20.262255472526242, -0.06867707099098164, 4.4382394996080335e-05, 48.57648322196715, 0.19539460457450863, 2.475543916521706e-06, 51.79085831170768, -0.2796748700829342, 2.2618906876735154e-21, 69.56037721046076, 0.8506454063688558, 2.5516562960256487e-05, 53.01120477192951, -1.341228624340066, 7.605115527112269e-06, 69.74583519522808, 59.64740371329611, 0.17780640529299568, 678.0794678792738, -36.004748155366826, 0.2144404683196401, 669.6372466076328, 31.437357505639174, 0.15269638044588968, 500.00000119491403, 203.67363288044126, 0.3705331239368973, 797.7322787183382, 31.832805227712015, 0.5883354898618862, 580.9797702664239
100, 0.4087980565500835, -0.16451006682444438, 0.0350214229796955, -0.002776979999651879, -0.017585916731123724, -0.01626902637334418, 0.00013406112713182638, 0.22644149449098655, -2.6307135707641747, 0.03722222085931594, 0.07736989487077885, 10.829523824355146, 506.0360245152537, 11.987426567408088, 20.262302131662555, -0.06863634805793617, 0.0007491780868025398, 48.5765386473684, 0.1953441679530349, 0.0007273775791096389, 51.790833477828606, -0.279589404045846, 0.0005752384558796958, 69.56023938211356, 0.8506236176177362, 0.0009968795904843376, 53.0112001821818, -1.3412746460436566, 0.0007466454367534199, 69.74578641292769, 59.647446771798556, 0.17781153134829, 678.0795819351364, -36.00475665319715, 0.21431636362636478, 669.6372776681096, 31.437369927339752, 0.15276965159181885, 500.00074608584555, 203.673603312657, 0.3705188360927034, 797.7322874902977, 31.832794607105775, 0.5883643054876176, 580.9798030188565
200, 0.4087453133905573, -0.16449671515173944, 0.034907615046318674, -0.0028659879782362797, -0.017547471814139712, -0.016432931355286742, 7.234558612771117e-05, 0.2264928723458997, -2.6306583158106047, 0.03724106500227139, 0.07730995408832898, 10.82926268404363, 506.0361424535366, 11.987385192743595, 20.262385256160236, -0.0686811197365877, 0.001018645308005696, 48.57648832679069, 0.1951806162584248, 0.0009963349102301488, 51.79073835713322, -0.279476619375913, 0.0007481897687086609, 69.56010622352082, 0.8504529231818685, 0.0016946438438184908, 53.01106306166373, -1.341262290835575, 0.0011134811644634604, 69.745825386814, 59.64753575964795, 0.17769929236068865, 678.0797370133083, -36.004882964189946, 0.21420198939008023, 669.6372836279198, 31.43720998020023, 0.15274161918741835, 500.00107762437506, 203.6733763087359, 0.3703606904039955, 797.7323350601732, 31.83279973146523, 0.5883866810408955, 580.9798827768594
300, 0.40873267237415517, -0.16452872115953837, 0.034882920026767524, -0.0029430386452241643, -0.017520618382983237, -0.01641874820600461, 3.794937415006077e-05, 0.226509614554808, -2.630701958880618, 0.03739215703007493, 0.0773045298930907, 10.828911292791032, 506.0365670721327, 11.987206356644945, 20.26259602248707, -0.06863444181097601, 0.0019500236871111873, 48.576129695719075, 0.19500890093182832, 0.0018651180578125271, 51.79064375900679, -0.27931459093940586, 0.0012095444469461467, 69.56003802216252, 0.850105647857959, 0.0029852495329211223, 53.01073476634202, -1.3414672769337512, 0.0021945301977897517, 69.74595474531836, 59.6476608173624, 0.1775276922742416, 678.0800817982711, -36.00496080597707, 0.21411729856825593, 669.6371440832029, 31.4371810842044, 0.1527850093733234, 500.00183528744213, 203.67295324484573, 0.3700472734523915, 797.732247337884, 31.832596610771215, 0.5885202720616952, 580.9799272989792
400, 0.40878916795431086, -0.16449844078986947, 0.034937276791498294, -0.002919919515385494, -0.01734936547132148, -0.016295392033749898, -3.170598636691342e-05, 0.2264768141122549, -2.630837973289363, 0.037832722245753264, 0.07790556891111171, 10.82834202197005, 506.03760247999986, 11.986941035417338, 20.26328737708925, -0.06854102516690497, 0.003761710521363822, 48.57536033048593, 0.19423154008271892, 0.0036001505097079016, 51.79076287705958, -0.2789879877263569, 0.0023660190825282837, 69.55989958257797, 0.849051804403786, 0.005875858919393077, 53.01005534044536, -1.3414408354276375, 0.004136115415082444, 69.74619459061198, 59.64791104575576, 0.1771120815996406, 678.0810735208571, -36.00504948680094, 0.21441905221618007, 669.6371997058299, 31.436919115502572, 0.15283283586644425, 500.00389798934293, 203.67224476691786, 0.36981288722234634, 797.7324151071716, 31.832275307221988, 0.5885997422043084, 580.9799453159785
500, 0.4087933925439684, -0.16439632476573773, 0.0348379402195542, -0.002896259889235322, -0.017358816519754204, -0.016342728949201656, 3.691589402411016e-05, 0.22646509221672131, -2.6312417570605584, 0.037604435833319114, 0.07847451666849685, 10.82752206854787, 506.0392919113453, 11.986489909499236, 20.264395291701696, -0.06829966818705782, 0.006896800668815677, 48.57471061128226, 0.1930200274081842, 0.006046686017875705, 51.791292761381214, -0.27873341326795814, 0.004176026089775698, 69.55999596431712, 0.8476006569048123, 0.010049724196086973, 53.00829964966987, -1.3412790317692749, 0.0072788857801608636, 69.7473611373237, 59.64809246492412, 0.1765117533116809, 678.0832037786629, -36.004978257547066, 0.21483848256171456, 669.6374703775787, 31.436501167049265, 0.15284201438179246, 500.00688692125516, 203.67115929523848, 0.36972255560377787, 797.7331589974511, 31.83159020204517, 0.589124509023199, 580.9798225637797
600, 0.40875808911574174, -0.16436530405823033, 0.0348952962031224, -0.0029038969131860524, -0.01735011278903554, -0.016230686268344306, 0.00011394393683436879, 0.2264482958698431, -2.630940227049459, 0.038365679548872676, 0.07977940871694097, 10.826651463252881, 506.041881804207, 11.985579554162284, 20.266100882758092, -0.06727743089594002, 0.010710724603411674, 48.573389960104414, 0.192453155795405, 0.009488040370062945, 51.790438527930945, -0.2778927361713525, 0.006365231513682301, 69.55889223095785, 0.845714974681812, 0.014843184343582515, 53.005635193129606, -1.3419576039819192, 0.011455973706051314, 69.7485833068334, 59.64959007903843, 0.17627816989916473, 678.085312613631, -36.0046757647622, 0.21463054757275082, 669.6383114877361, 31.43616868838438, 0.15214114507360824, 500.0108093651057, 203.66979533827575, 0.36932895897689716, 797.7335810542231, 31.829700083300622, 0.5892873507955106, 580.9783340132698
700, 0.4087224372252775, -0.16427700523499922, 0.034844830117284516, -0.0029580085712673397, -0.01730737018516801, -0.01607217958561084, 8.956200955608976e-05, 0.2264660172203609, -2.6310556426924556, 0.03920089826950974, 0.08091636333886625, 10.825778180016012, 506.043305237784, 11.98481865252446, 20.26719651160931, -0.0672783664292013, 0.014709661370801414, 48.572335675800886, 0.1909121889301043, 0.012625023238957403, 51.78935942080188, -0.2787076874730475, 0.008339279539254351, 69.55924621270033, 0.8444966485755075, 0.020231834607014186, 53.00394903139439, -1.344155728510035, 0.015116812410055379, 69.74946492501114, 59.650945065840006, 0.1751704260732349, 678.0890011586206, -36.00348338216932, 0.21367895618151703, 669.6385705085974, 31.435482665852355, 0.15214417716535675, 500.0144626108171, 203.66820724088996, 0.3685905056995097, 797.7344750332959, 31.82791901502982, 0.5883450205126781, 580.9763065132206
800, 0.40828460661873145, -0.16404446832522496, 0.03478582541533551, -0.0030294406883339614, -0.017281049659246334, -0.016079181436767148, 0.00016732069029759447, 0.22663239511503436, -2.628343470123835, 0.040040475788773185, 0.08241026800707996, 10.823367373907182, 506.047240481772, 11.983839990751072, 20.268870784306646, -0.06801550863624625, 0.01890522290867607, 48.5708663055412, 0.19183894300056548, 0.0153728212090762, 51.78775265168573, -0.2773505920672546, 0.010064319028193842, 69.55768765477704, 0.8425378368440255, 0.025780387240690393, 52.9994936859905, -1.3462756895492098, 0.018751557958000806, 69.75241402597783, 59.65188329756229, 0.17433478605522656, 678.0943860877564, -36.00201108832242, 0.21312892928831326, 669.6391608531276, 31.43458988993897, 0.1514402912289059, 500.0189849467098, 203.66573578190403, 0.36770180103963634, 797.7345931067497, 31.828037326504383, 0.5877632499813147, 580.9765307018985
900, 0.4078504272814572, -0.16357375958566564, 0.03463781610927519, -0.0029536584114876205, -0.01727080283104271, -0.016208997171553545, 0.0001689125239818204, 0.22688252512574825, -2.624129190991761, 0.040819077278576796, 0.08443905308921477, 10.821752019581625, 506.05156873828884, 11.97889437634544, 20.266981515338646, -0.06973518740402142, 0.022041288100010346, 48.570544670878306, 0.19216018058338127, 0.01795587024169923, 51.785096900410586, -0.2776819913946937, 0.011855241290078877, 69.55466584745223, 0.8399321411129231, 0.030832097312257827, 52.9936937175861, -1.347301229920492, 0.02232297335490352, 69.75399734089646, 59.653741644141625, 0.1746149719048348, 678.099409634702, -36.001460143415436, 0.21252793270965464, 669.642974067837, 31.430677847389322, 0.15122721962884836, 500.0229903456349, 203.662181635057, 0.36716623750538757, 797.7368404516512, 31.826005516040993, 0.58677558228761, 580.9746113677937
1000, 0.40749759028718585, -0.16308300664323588, 0.0345222348461347, -0.002949227699504723, -0.017310637218400336, -0.01625192484057122, 0.00011391577177784218, 0.2271134879447244, -2.6213286640985394, 0.040696275091381406, 0.0865820149828571, 10.815673463889821, 506.05574769393746, 11.979155451609332, 20.261856793710425, -0.06948686972213464, 0.025111647481710783, 48.571937206534734, 0.19194953320025746, 0.02028226687937587, 51.786257355567585, -0.2798159151654885, 0.014147580679248914, 69.55300281860883, 0.8375089509562492, 0.03664315524328103, 52.99215293755236, -1.3462708233464888, 0.02639702140622319, 69.75989983307413, 59.6512521552119, 0.17430674132542381, 678.105687683865, -36.00367309606074, 0.21171331455371306, 669.64324420542, 31.42758650794024, 0.1499959983353716, 500.0271453393969, 203.65828549099137, 0.36648131325790145, 797.7476156951255, 31.820973536361496, 0.5859090499522328, 580.9728226932464
1100, 0.406548071989281, -0.162239657682474, 0.03407387563193497, -0.0029658910784393375, -0.017332986839900918, -0.016201487280103868, 6.0282333681080207e-05, 0.2274019744591988, -2.6148673557088853, 0.040032952750433816, 0.08606141325621487, 10.815486106076305, 506.0587653327868, 11.984042731213933, 20.262676625489757, -0.07165139531085561, 0.027250524270979466, 48.5680336128984, 0.19294022415363266, 0.021858895716556807, 51.785941068883616, -0.2810551822671408, 0.015716114330381108, 69.55034954603775, 0.8384255363495727, 0.040513902942506536, 52.98765186296883, -1.3460000506975491, 0.029252404552345186, 69.76357898668215, 59.64944637750404, 0.17381290250713397, 678.1123012841422, -36.002155779914254, 0.21126710636009044, 669.6425232783338, 31.428365537081444, 0.14968111741161094, 500.0312505331339, 203.65647611482237, 0.36589560264443943, 797.7498497564677, 31.821453436026857, 0.5854310088541859, 580.9749890473519
1200, 0.4054317543776734, -0.16129268130162383, 0.033768638142271455, -0.0028196674666057095, -0.017384327471457517, -0.016139855107122472, -7.65364000992353e-05, 0.22793686713500833, -2.6069928335449393, 0.039722361455655976, 0.08641894441618966, 10.821765502656962, 506.05481434332955, 11.977034185059303, 20.26660447952507, -0.08048640375839461, 0.02835634605627424, 48.56805307408465, 0.19296490871044292, 0.02324606957370976, 51.77516892639259, -0.28245604449776024, 0.016483921868537373, 69.54373116257226, 0.8381371351826561, 0.04456853368408424, 52.98616811916976, -1.3473370094522374, 0.031366104451485244, 69.76481904133871, 59.65289599023934, 0.17393594904251186, 678.119392724472, -35.99477554876511, 0.21054458525091682, 669.6349143112159, 31.43432431948328, 0.14918414140605846, 500.03641388407425, 203.64897718580312, 0.3660909256922057, 797.7487855916197, 31.82122726432044, 0.5848636207228836, 580.9697965985714
1300, 0.4054385231453962, -0.16113556719702787, 0.033669347616978366, -0.0027494173449591195, -0.01736306511177584, -0.01610253086447499, -2.3418918927813927e-05, 0.2279977973710108, -2.6050111316326783, 0.03954212093521841, 0.08546187534380109, 10.82889821836945, 506.0591382157213, 11.976493285331083, 20.27512573594531, -0.0748987063609935, 0.029801126494070584, 48.56623661317807, 0.1973375025068892, 0.024589564859581674, 51.772455751509575, -0.2711637778038755, 0.016971400139235104, 69.5464729240781, 0.834043496194576, 0.04810332901396552, 52.97806677415077, -1.3471870466597105, 0.0339237776694241, 69.77412856291464, 59.65079536318517, 0.17400017503460768, 678.1281895208798, -36.00034081630727, 0.21038877719139687, 669.633777598784, 31.432157025017275, 0.1490044743127847, 500.0404714316852, 203.63982938005356, 0.36582204765363097, 797.7441621915569, 31.81166107367366, 0.5846334135170906, 580.9632712371746
1400, 0.40516988473141063, -0.16082615786836768, 0.03349975352165177, -0.0027055836514536824, -0.01741005185724878, -0.016159079363993613, -8.757230044064627e-05, 0.2282258995537922, -2.602137462743616, 0.038731683482348025, 0.08684628550951135, 10.831122502335141, 506.0636959230955, 11.981886002022861, 20.287755365405864, -0.07480514808677519, 0.030342937612378666, 48.55224863524614, 0.19978282371865125, 0.02485522718331984, 51.7677561945687, -0.2619969879390491, 0.017208674421281874, 69.54390950786372, 0.8332380882507712, 0.05081324483611863, 52.97997709872101, -1.3480928310263458, 0.03487733106301029, 69.78104754725156, 59.6619325999473, 0.17393075409365477, 678.1324202584589, -36.0097590464529, 0.21001546787186862, 669.6293501250095, 31.434934067530573, 0.14896943436334298, 500.04691073383043, 203.6286271090893, 0.36562817704451234, 797.7408056123762, 31.80807795758705, 0.5838179311780893, 580.9729416980601
1500, 0.4035620617052511, -0.15964816968495407, 0.033319072840461504, -0.002731521714032804, -0.01743603170098123, -0.01607982026819793, -0.00013549077109718572, 0.22869495504506407, -2.5906048342337344, 0.03799861790704892, 0.08522818990440233, 10.838534489909865, 506.0613583333896, 11.984800170355735, 20.303138823882236, -0.07565043181801404, 0.03143828262243902, 48.56284746687963, 0.20004922592962782, 0.024475678089904224, 51.74799049824496, -0.25778609759711646, 0.01839981206875902, 69.56128967178175, 0.8181108435369033, 0.05464166477405066, 52.98921713741295, -1.3602116969636824, 0.0350411246332706, 69.78654453857291, 59.66573704253857, 0.1743672001174555, 678.1465573095254, -35.99317521099398, 0.2098562102904148, 669.6286421901352, 31.43052307516786, 0.14918795701682872, 500.05320423135583, 203.63308992617033, 0.3645694637589912, 797.7157954403784, 31.828174795560745, 0.5835671662202444, 580.9737132859004
1600, 0.40171752189652793, -0.15858960151572454, 0.032765330821738825, -0.0025980609162005253, -0.01742339294353401, -0.016095459183095507, -8.668323397676304e-05, 0.2296233072767205, -2.578702196108959, 0.03827021971058721, 0.08536690125059905, 10.831558206008658, 506.06278518182023, 11.982213497643578, 20.302767008642597, -0.0600769022946619, 0.033115962062125935, 48.547531812720855, 0.18839608520968243, 0.025065867855446525, 51.74428251032692, -0.2544142406780065, 0.019512499231306484, 69.56156276131097, 0.8150742148343864, 0.057199435025168055, 52.9776844349048, -1.34924949717221, 0.0360712898199526, 69.77712840129557, 59.645247793262804, 0.17482096103378372, 678.1649851399341, -35.96868065194687, 0.21036297612720722, 669.615421568441, 31.42180978991153, 0.1490289812414926, 500.0602276347916, 203.61547474862633, 0.36420797040429936, 797.7212777124835, 31.836943534540346, 0.5828426291805752, 580.9851688758902
1700, 0.40222114527094377, -0.1584727102491014, 0.032891491246229344, -0.00253480045642177, -0.017385377027247392, -0.016196536879777047, -2.6068141066735843e-05, 0.22941961034105357, -2.58066658869629, 0.038887598895364875, 0.08662041679848086, 10.845250620819948, 506.06682336516167, 11.999354278508182, 20.324050364623883, -0.07544570678596918, 0.03490330260592581, 48.53795784475747, 0.18519700422203472, 0.02598501994794398, 51.731140904053, -0.25427100474999226, 0.01991356163660557, 69.56408214675142, 0.8175921364635266, 0.06054323289061734, 52.986126524947245, -1.3564848310699809, 0.036141130779197866, 69.76281014431876, 59.64865575996525, 0.17456692967775972, 678.157334283188, -35.96193098808364, 0.20981729513590913, 669.6155389315699, 31.392517081401667, 0.14834459006023068, 500.0665757344086, 203.62607321277363, 0.364230169263617, 797.7235674353293, 31.850093674228592, 0.5819747724413656, 580.9919161813215
1800, 0.40246134738789335, -0.15904143438057877, 0.03294303308994474, -0.002600954301891372, -0.017526956448334526, -0.016231399945322085, 2.153762809490895e-05, 0.22924282411785882, -2.583041492789141, 0.03893974850656355, 0.08805416897108498, 10.877447949205848, 506.05734974459546, 12.006284983521054, 20.320157040984363, -0.09100339858971768, 0.035093588452972446, 48.54361552909434, 0.16551516930438706, 0.026031337511439514, 51.731530390475015, -0.28373772740558867, 0.020645830020051926, 69.5562619285064, 0.827886819587587, 0.0624396608855483, 52.984956161325734, -1.3717173318857492, 0.03796597113671773, 69.77404127314344, 59.642776015913164, 0.17475602819013514, 678.1677302824546, -35.97716096358149, 0.21009384374649748, 669.6408437548844, 31.38145037643976, 0.14751619261578952, 500.07469867245067, 203.62933778622138, 0.36501442076870877, 797.7346594777264, 31.839381167480898, 0.5817934610480369, 580.990269070081
1900, 0.4024563093554554, -0.15890858494541862, 0.03269955383670334, -0.0025254267211525473, -0.017598494148373826, -0.016260650037506423, 9.455126501360135e-05, 0.2294124474144431, -2.5814010859958394, 0.03862012313350777, 0.08734120719248113, 10.887766503541748, 506.0718646315728, 11.992021310152992, 20.32055230124551, -0.12085249435661671, 0.03523842534522233, 48.55154077631467, 0.18670824091973637, 0.0262189709457343, 51.71882132627576, -0.34614106058679983, 0.02094626530997345, 69.53821262086002, 0.8299769984565741, 0.06405131455356673, 52.994675978841755, -1.3841569105987492, 0.03819546734714966, 69.76077859963898, 59.630004045106, 0.175028927334252, 678.1824781557883, -35.97130549647388, 0.20976756702532368, 669.6754311559181, 31.386664005115993, 0.14782127672349393, 500.07951694609505, 203.61349221432502, 0.3649317370838677, 797.7262557813673, 31.852466686337582, 0.5820087085396562, 580.9841304404263
2000, 0.40227143975613516, -0.15893200292375473, 0.032888576630931296, -0.0026009643826796543, -0.017490506558552395, -0.01624425484907466, 6.82185268886539e-05, 0.22940399491078528, -2.5821657672202196, 0.03788431020134288, 0.08806042222409573, 10.91245773606472, 506.0643524586534, 11.978804801150105, 20.30203525920441, -0.14074686919746066, 0.03630086468732674, 48.54726235998851, 0.2053047437035514, 0.02556665552151228, 51.70834030464399, -0.3544914955357828, 0.021058147266909327, 69.5632900039668, 0.821058350373708, 0.0660179791699096, 53.0131065720052, -1.387818835073777, 0.038506161670925645, 69.76077859963898, 59.62932714508907, 0.17496761900728425, 678.1833934873623, -35.98115295455558, 0.20894043788191474, 669.6706958608086, 31.35838975185486, 0.14789952667284037, 500.08999518355733, 203.61660259635704, 0.36508442900932664, 797.6814348319174, 31.866112931993936, 0.5817090590768493, 580.9431830128462
2100, 0.4016920705655476, -0.1587233911884896, 0.03294963740305645, -0.0025269032398588386, -0.01750048425240998, -0.016151563119159933, 0.00011213720164441907, 0.22974021631187275, -2.576718787506061, 0.036249989458983056, 0.08744742139847515, 10.935133811489823, 506.0896360927788, 11.960026056361697, 20.313738218085827, -0.15445377529009852, 0.03660000744560662, 48.532237685147706, 0.19151743083386574, 0.02645499963087264, 51.6949390238517, -0.37815696986320146, 0.020723898407407536, 69.58185296959046, 0.7643858950202318, 0.06709505696894678, 52.98893563633641, -1.3738514087986358, 0.038977662983401204, 69.71340597954142, 59.58215891619091, 0.17437152140751708, 678.1985196445056, -36.006989781205306, 0.2092413842277005, 669.7296423795385, 31.343750284019585, 0.1479870421828498, 500.09898309193323, 203.61919890628803, 0.36467403032674134, 797.6665438724377, 31.85789680695115, 0.5815966464438499, 580.9303310997177
2200, 0.40049158704203536, -0.15789861632564733, 0.03270615207402609, -0.002562328781574197, -0.017422970197472163, -0.016190877848795016, 7.586648126449045e-05, 0.23001374191863358, -2.5700099508745957, 0.0367976414271016, 0.08736012166778546, 10.958220605759148, 506.0514017381387, 11.912113123439077, 20.3553841082684, -0.15270670751873006, 0.0363326861660318, 48.52774866906742, 0.20846626410393565, 0.025558768892336797, 51.70465296514636, -0.34471836693294566, 0.020647528666699597, 69.55769214494477, 0.7316124676167264, 0.06972498359893642, 53.011754120465525, -1.4315280775366022, 0.037757912458190324, 69.71222601002813, 59.57150986376248, 0.1747180960005113, 678.1940513699622, -35.994628282240306, 0.20889580307634528, 669.7122605051813, 31.306806375448517, 0.1487318588004263, 500.10912795541833, 203.61746434371426, 0.3643975097515918, 797.6700696026883, 31.90281323899069, 0.5821560466518815, 580.8865517968635
2300, 0.40191219379400334, -0.15870089957078354, 0.03302054314760896, -0.0025763188222615208, -0.017379467946740685, -0.016246639802183268, 9.247496995710286e-05, 0.22968655915121272, -2.5763703226036334, 0.037790532189650596, 0.08637050548949193, 11.020672660590598, 506.02527372561406, 11.892404078870879, 20.375373719557583, -0.1370055123871854, 0.03755119478472736, 48.53599984743422, 0.2971857053960222, 0.024749122302221635, 51.724399096071885, -0.29225087983462483, 0.02040852465455393, 69.5778488353166, 0.6964304280799798, 0.07153581798760607, 53.05664387474652, -1.4262832778172032, 0.03713761170535537, 69.65104133556949, 59.568892761718175, 0.17498734568618485, 678.2725383139458, -35.91599291953828, 0.2079445112092627, 669.7618062218304, 31.327509452192114, 0.14833189246944145, 500.1223373022684, 203.6025874634825, 0.3640433697193159, 797.6941657390646, 31.894394164194004, 0.5819106227550114, 580.8926296494079
2400, 0.4006156249692186, -0.15740928797693932, 0.03267145611322659, -0.0025729276849917595, -0.017400751868510474, -0.016158013836470662, 0.0001278216974974892, 0.230128142092193, -2.5689316287247066, 0.038358294774221494, 0.0855078938501213, 10.999841420980339, 505.9577982824947, 11.84682316688103, 20.314746851540807, -0.19346290248945297, 0.03709822090124921, 48.50639800838185, 0.24702420958325932, 0.02380340322047382, 51.76820914603737, -0.23445414520980076, 0.021187424555239656, 69.58312140925631, 0.6814058733615074, 0.07213026359254582, 53.04155788307331, -1.399050854846465, 0.036680159617713114, 69.6518505490741, 59.4571494552446, 0.1751300633776846, 678.326443906642, -35.91058991038932, 0.20783447216199513, 669.7940906556117, 31.41788612013502, 0.14744104669977404, 500.13443354182715, 203.63503066559016, 0.36415810016759065, 797.7377788878119, 31.966646412509103, 0.5814315400240755, 580.9226503820748
2500, 0.3998119407559945, -0.15683790365150296, 0.03227922862278751, -0.0026595956263468345, -0.017469512570926434, -0.0161892243255751, 6.0204689427384005e-05, 0.2304593505557087, -2.564391992633407, 0.03979211376557265, 0.08612288066786583, 10.964644406158216, 505.92150845776763, 11.882600881922611, 20.26810461253578, -0.18812878307436343, 0.03751087994690519, 48.455581455205646, 0.21387939202475703, 0.024085700721181547, 51.77610998514798, -0.25010412348704314, 0.020892470121049667, 69.58685209116088, 0.630327298618881, 0.07435813692309096, 53.07452233679587, -1.3991131197014048, 0.03701148628791019, 69.59615964531687, 59.405411073314575, 0.17472557248169868, 678.2408571554345, -35.923346342979414, 0.20810158392625513, 669.8428769809751, 31.3066786081535, 0.14697432013250172, 500.1460134865201, 203.61191295486663, 0.363734551738153, 797.7583238512723, 31.88677645120457, 0.580724361014576, 580.8871921767943