tag,tool,line,component,flux_1e17,fwhm_kms,ew_a,center_a,flux_unit
04545183216,pyqsofit,Ha6563,broad,12631.243335203859,6276.28407033772,383.4227659612153,nan,1e-17
04545183216,pyqsofit,Hb4861,broad,2318.0686270679016,5595.428593674912,49.62080577709747,nan,1e-17
04545183216,pyqsofit,OIII5007,outflow,188.80076533321005,nan,nan,4966.753604275875,1e-17
04545183216,pyqsofit,OIII5007,narrow,145.17118766029455,nan,nan,5005.77628012852,1e-17
04545183216,pyqsofit,OIII4959,outflow,6.6791774302864,nan,nan,4889.457452218668,1e-17
04545183216,pyqsofit,OIII4959,narrow,1.32300255245566,nan,nan,4927.872829435884,1e-17
04545183216,pyqsofit,Ha6563,narrow,398.1095673691848,nan,nan,6553.861074096332,1e-17
04545183216,pyqsofit,NII6585,narrow,1.2854408547347689,nan,nan,6587.542413876101,1e-17
04545183216,pyqsofit,SII6718,narrow,24.721531466849378,nan,nan,6720.597037483655,1e-17
04545183216,pyqsofit,SII6732,narrow,24.774446057366966,nan,nan,6734.981973172167,1e-17
04545183216,badass,Ha6563,broad,0.0,nan,nan,nan,1e-17
04545183216,badass,Ha6563,narrow,961.0686231432483,nan,nan,nan,1e-17
04545183216,badass,Ha6563,outflow,7213.6439047617605,nan,nan,nan,1e-17
04545183216,badass,Hb4861,broad,776.2399341249893,nan,nan,nan,1e-17
04545183216,badass,Hb4861,narrow,139.09168091336323,nan,nan,nan,1e-17
04545183216,badass,Hb4861,outflow,1169.439958348963,nan,nan,nan,1e-17
04545183216,badass,OIII5007,broad,0.0016232936095406103,nan,nan,nan,1e-17
04545183216,badass,OIII5007,narrow,35.965672850754345,nan,nan,nan,1e-17
04545183216,badass,OIII5007,outflow,56.7884963539326,nan,nan,nan,1e-17
04545183216,badass,OIII4959,broad,730.9181534644777,nan,nan,nan,1e-17
04545183216,badass,OIII4959,narrow,0.0,nan,nan,nan,1e-17
04545183216,badass,OIII4959,outflow,730.9181534644777,nan,nan,nan,1e-17
04545183216,badass,OII3727,broad,0.0,nan,nan,nan,1e-17
04545183216,badass,OII3727,narrow,0.0,nan,nan,nan,1e-17
04545183216,fantasy_agn,OIII5007,broad,632.5919938033555,nan,nan,nan,1e-17
04545183216,fantasy_agn,OIII5007,narrow,123.70777533446811,nan,nan,nan,1e-17
04545183216,fantasy_agn,Hb4861,broad,2292.1578736308898,nan,nan,nan,1e-17
04545183216,fantasy_agn,Hb4861,narrow,0.0,nan,nan,nan,1e-17
04545183216,fantasy_agn,Ha6563,broad,6930.217009034022,nan,nan,nan,1e-17
04545183216,fantasy_agn,Ha6563,narrow,659.6132621537506,nan,nan,nan,1e-17
04545183216,gelato,OIII5007,narrow,99.48482403601628,160.90739601206306,nan,nan,1e-17
04545183216,gelato,OIII4959,narrow,34.81968841260569,160.90739601206306,nan,nan,1e-17
04545183216,gelato,Ha6563,broad,2289.28092582468,499.999999967351,nan,nan,1e-17
04545183216,gelato,Hb4861,broad,485.5945730538894,499.999999967351,nan,nan,1e-17
04545183216,gelato,NII6585,narrow,2270.5309279484127,499.99999996353824,nan,nan,1e-17
04545183216,gelato,SII6718,narrow,112.37211180473844,499.9999999848471,nan,nan,1e-17
04545183216,gelato,SII6732,narrow,-68.9792649768024,499.9999999848471,nan,nan,1e-17
04545183216,gelato,OII3727,narrow,133.64595975986177,499.9999999999527,nan,nan,1e-17
04545183216,gleam,OII3727,narrow,35.356754302978516,1171.1803016026229,0.5996557474136353,3728.48,1e-17
04545183216,gleam,Hb4861,narrow,287.7174377441406,2121.165016985994,4.587421894073486,4862.68,1e-17
04545183216,gleam,OIII4959,narrow,30.93801498413086,309.19442322147677,0.59937983751297,4960.3,1e-17
04545183216,gleam,OIII5007,narrow,167.617431640625,550.5461303453667,3.484858751296997,5008.24,1e-17
04545183216,gleam,Ha6563,narrow,5254.03955078125,3645.793819831625,77.88953399658203,6564.6,1e-17
04545183216,gleam,NII6585,narrow,-656.8980712890625,1585.987386983893,-9.738313674926758,6585.27,1e-17
04570362657,pyqsofit,Ha6563,broad,5423.128195238039,3074.241760351223,299.25166210798017,nan,1e-17
04570362657,pyqsofit,Hb4861,broad,1734.9721206038912,3280.2106815670168,75.27484900352611,nan,1e-17
04570362657,pyqsofit,OIII5007,outflow,51.93249621883304,nan,nan,4958.407186268613,1e-17
04570362657,pyqsofit,OIII5007,narrow,238.95788144044056,nan,nan,5003.771474118411,1e-17
04570362657,pyqsofit,OIII4959,outflow,0.21082376591362248,nan,nan,4881.240927104596,1e-17
04570362657,pyqsofit,OIII4959,narrow,1.8885794684246786,nan,nan,4925.8992236427675,1e-17
04570362657,pyqsofit,Ha6563,narrow,769.2947395825577,nan,nan,6558.387965189617,1e-17
04570362657,pyqsofit,NII6585,narrow,0.6248902209590669,nan,nan,6592.092569386396,1e-17
04570362657,pyqsofit,SII6718,narrow,24.82198009723362,nan,nan,6725.239096649478,1e-17
04570362657,pyqsofit,SII6732,narrow,24.875109690537425,nan,nan,6739.633968318706,1e-17
04570362657,badass,Ha6563,broad,550.0069268168008,nan,nan,nan,1e-17
04570362657,badass,Ha6563,narrow,874.701005413197,nan,nan,nan,1e-17
04570362657,badass,Ha6563,outflow,4388.736911153152,nan,nan,nan,1e-17
04570362657,badass,Hb4861,broad,360.0787770885204,nan,nan,nan,1e-17
04570362657,badass,Hb4861,narrow,125.15505978184228,nan,nan,nan,1e-17
04570362657,badass,Hb4861,outflow,731.4871917551995,nan,nan,nan,1e-17
04570362657,badass,OIII5007,broad,0.0,nan,nan,nan,1e-17
04570362657,badass,OIII5007,narrow,125.65817312541185,nan,nan,nan,1e-17
04570362657,badass,OIII5007,outflow,203.01355471220904,nan,nan,nan,1e-17
04570362657,badass,OIII4959,broad,450.69856399438413,nan,nan,nan,1e-17
04570362657,badass,OIII4959,narrow,0.0,nan,nan,nan,1e-17
04570362657,badass,OIII4959,outflow,450.69856399438413,nan,nan,nan,1e-17
04570362657,badass,OII3727,broad,0.0,nan,nan,nan,1e-17
04570362657,badass,OII3727,narrow,0.0,nan,nan,nan,1e-17
04570362657,fantasy_agn,OIII5007,broad,138.4920878908375,nan,nan,nan,1e-17
04570362657,fantasy_agn,OIII5007,narrow,226.47040873884671,nan,nan,nan,1e-17
04570362657,fantasy_agn,Hb4861,broad,1126.6871754451365,nan,nan,nan,1e-17
04570362657,fantasy_agn,Hb4861,narrow,0.0,nan,nan,nan,1e-17
04570362657,fantasy_agn,Ha6563,broad,4363.554474164528,nan,nan,nan,1e-17
04570362657,fantasy_agn,Ha6563,narrow,0.0,nan,nan,nan,1e-17
04570362657,gelato,OIII5007,narrow,348.90938867200066,492.1854659712197,nan,nan,1e-17
04570362657,gelato,OIII4959,narrow,122.11828603520023,492.1854659712197,nan,nan,1e-17
04570362657,gelato,Ha6563,broad,1447.3717294831313,499.99999999999443,nan,nan,1e-17
04570362657,gelato,Hb4861,broad,-51.985334019525204,499.99999999999443,nan,nan,1e-17
04570362657,gelato,NII6585,narrow,1020.570084652764,499.99999999999994,nan,nan,1e-17
04570362657,gelato,SII6718,narrow,76.18650926597114,478.7858813320602,nan,nan,1e-17
04570362657,gelato,SII6732,narrow,63.15323936455677,478.7858813320602,nan,nan,1e-17
04570362657,gelato,OII3727,narrow,73.702792180504,246.86966320323663,nan,nan,1e-17
04570362657,gleam,OII3727,narrow,58.217559814453125,466.6713543812732,1.5103766918182373,3728.48,1e-17
04570362657,gleam,Hb4861,narrow,13.457324028015137,229.16881211109794,0.42756104469299316,4862.68,1e-17
04570362657,gleam,Hb4861,broad,824.0265502929688,2427.6273964523034,26.1806640625,4862.68,1e-17
04570362657,gleam,OIII4959,narrow,23.485103607177734,307.266501072706,0.7961022853851318,4960.3,1e-17
04570362657,gleam,OIII5007,narrow,265.188720703125,703.4355836394808,9.432973861694336,5008.24,1e-17
04570362657,gleam,Ha6563,narrow,3929.741943359375,2165.0536127669125,135.0402069091797,6564.6,1e-17
04570362657,gleam,NII6585,narrow,63.905792236328125,265.829862899091,2.196035146713257,6585.27,1e-17
04570362657,gleam,SII6718,narrow,44.08070755004883,400.24041052809923,2.3497698307037354,6718.29,1e-17
04570362657,gleam,SII6732,narrow,26.211254119873047,330.15101189275765,1.3972193002700806,6732.67,1e-17
04570493016,pyqsofit,Ha6563,broad,15795.552769102636,3069.9702176513606,596.6712758817846,nan,1e-17
04570493016,pyqsofit,Hb4861,broad,6407.088907004996,3215.4685304453974,143.86843615056893,nan,1e-17
04570493016,pyqsofit,OIII5007,outflow,48.6711339626614,nan,nan,5034.02684224893,1e-17
04570493016,pyqsofit,OIII5007,narrow,1150.1775158224473,nan,nan,5003.807746404064,1e-17
04570493016,pyqsofit,OIII4959,outflow,335.9728817053769,nan,nan,4955.683736216139,1e-17
04570493016,pyqsofit,OIII4959,narrow,30.78419240936042,nan,nan,4925.934931433315,1e-17
04570493016,pyqsofit,Ha6563,narrow,1414.2508955163955,nan,nan,6559.967781086704,1e-17
04570493016,pyqsofit,NII6585,narrow,7.423643891958701,nan,nan,6593.680504209932,1e-17
04570493016,pyqsofit,SII6718,narrow,10.195525892414695,nan,nan,6726.859104446057,1e-17
04570493016,pyqsofit,SII6732,narrow,10.217348653615069,nan,nan,6741.2574436209015,1e-17
04570493016,badass,Ha6563,broad,2363.065125980822,nan,nan,nan,1e-17
04570493016,badass,Ha6563,narrow,2727.461626984179,nan,nan,nan,1e-17
04570493016,badass,Ha6563,outflow,12372.663422123383,nan,nan,nan,1e-17
04570493016,badass,Hb4861,broad,2909.578540018416,nan,nan,nan,1e-17
04570493016,badass,Hb4861,narrow,142.05358062843152,nan,nan,nan,1e-17
04570493016,badass,Hb4861,outflow,3316.980279240064,nan,nan,nan,1e-17
04570493016,badass,OIII5007,broad,0.0,nan,nan,nan,1e-17
04570493016,badass,OIII5007,narrow,741.5480479917023,nan,nan,nan,1e-17
04570493016,badass,OIII5007,outflow,1141.105002426687,nan,nan,nan,1e-17
04570493016,badass,OIII4959,broad,1640.700519333337,nan,nan,nan,1e-17
04570493016,badass,OIII4959,narrow,0.0,nan,nan,nan,1e-17
04570493016,badass,OIII4959,outflow,1640.700519333337,nan,nan,nan,1e-17
04570493016,badass,OII3727,broad,0.0,nan,nan,nan,1e-17
04570493016,badass,OII3727,narrow,0.0,nan,nan,nan,1e-17
04570493016,fantasy_agn,OIII5007,broad,860.0522625463482,nan,nan,nan,1e-17
04570493016,fantasy_agn,OIII5007,narrow,13.046434517332013,nan,nan,nan,1e-17
04570493016,fantasy_agn,Hb4861,broad,3286.227192500869,nan,nan,nan,1e-17
04570493016,fantasy_agn,Hb4861,narrow,0.0,nan,nan,nan,1e-17
04570493016,fantasy_agn,Ha6563,broad,6940.834123483506,nan,nan,nan,1e-17
04570493016,fantasy_agn,Ha6563,narrow,831.3808782073156,nan,nan,nan,1e-17
04570493016,gelato,OIII5007,narrow,859.0131312298496,217.91942613505879,nan,nan,1e-17
04570493016,gelato,OIII4959,narrow,300.65459593044733,217.91942613505879,nan,nan,1e-17
04570493016,gelato,Ha6563,broad,5596.898270841694,499.99999996531534,nan,nan,1e-17
04570493016,gelato,Hb4861,broad,848.981994414605,499.99999996531534,nan,nan,1e-17
04570493016,gelato,NII6585,narrow,5279.363682975599,499.9999999757805,nan,nan,1e-17
04570493016,gelato,SII6718,narrow,233.47138165870228,499.99999998115936,nan,nan,1e-17
04570493016,gelato,SII6732,narrow,44.4224735315818,499.99999998115936,nan,nan,1e-17
04570493016,gelato,OII3727,narrow,331.7745955572466,499.99999999999875,nan,nan,1e-17
04570493016,gleam,OII3727,narrow,83.14148712158203,512.5313203715139,0.8294247984886169,3728.48,1e-17
04570493016,gleam,Hb4861,narrow,2838.493408203125,2863.906308819872,52.12123489379883,4862.68,1e-17
04570493016,gleam,Hb4861,broad,203.52291870117188,841.7651974118525,3.7371468544006348,4862.68,1e-17
04570493016,gleam,OIII4959,narrow,243.7795867919922,483.3444375710742,4.685140609741211,4960.3,1e-17
04570493016,gleam,OIII5007,narrow,1074.912353515625,613.2667063683806,22.84383773803711,5008.24,1e-17
04570493016,gleam,Ha6563,narrow,132.08558654785156,179.6756690062966,2.383513927459717,6564.6,1e-17
04570493016,gleam,Ha6563,broad,11264.5322265625,2389.0950448900458,203.27099609375,6564.6,1e-17
04592503068,pyqsofit,Ha6563,broad,3632.802186979765,3048.3154000398154,190.65396332339571,nan,1e-17
04592503068,pyqsofit,Hb4861,broad,1781.6036344827944,8403.35623984167,93.30458371241757,nan,1e-17
04592503068,pyqsofit,OIII5007,outflow,296.2972727997065,nan,nan,4958.4071863776635,1e-17
04592503068,pyqsofit,OIII5007,narrow,692.9977715499392,nan,nan,5004.761124790967,1e-17
04592503068,pyqsofit,OIII4959,outflow,7.54783448484381,nan,nan,4881.240927211949,1e-17
04592503068,pyqsofit,OIII4959,narrow,1.466453379040642,nan,nan,4926.873472667697,1e-17
04592503068,pyqsofit,Ha6563,narrow,396.4260704333104,nan,nan,6553.866777923567,1e-17
04592503068,pyqsofit,NII6585,narrow,1.2290283754914948,nan,nan,6587.548147016215,1e-17
04592503068,pyqsofit,SII6718,narrow,66.22034674244976,nan,nan,6720.602886421248,1e-17
04592503068,pyqsofit,SII6732,narrow,66.36208644561127,nan,nan,6734.987834628973,1e-17
04592503068,badass,Ha6563,broad,635.1334639365232,nan,nan,nan,1e-17
04592503068,badass,Ha6563,narrow,900.9285532273352,nan,nan,nan,1e-17
04592503068,badass,Ha6563,outflow,3484.2158377079904,nan,nan,nan,1e-17
04592503068,badass,Hb4861,broad,227.91549834100442,nan,nan,nan,1e-17
04592503068,badass,Hb4861,narrow,47.605100146494806,nan,nan,nan,1e-17
04592503068,badass,Hb4861,outflow,360.45325530981063,nan,nan,nan,1e-17
04592503068,badass,OIII5007,broad,0.0,nan,nan,nan,1e-17
04592503068,badass,OIII5007,narrow,563.2452625837177,nan,nan,nan,1e-17
04592503068,badass,OIII5007,outflow,823.8092841270582,nan,nan,nan,1e-17
04592503068,badass,OIII4959,broad,512.8163440014373,nan,nan,nan,1e-17
04592503068,badass,OIII4959,narrow,0.0,nan,nan,nan,1e-17
04592503068,badass,OIII4959,outflow,512.8163440014373,nan,nan,nan,1e-17
04592503068,badass,OII3727,broad,0.0,nan,nan,nan,1e-17
04592503068,badass,OII3727,narrow,0.0,nan,nan,nan,1e-17
04592503068,fantasy_agn,OIII5007,broad,597.3848580869914,nan,nan,nan,1e-17
04592503068,fantasy_agn,OIII5007,narrow,1.1034383047664733e-14,nan,nan,nan,1e-17
04592503068,fantasy_agn,Hb4861,broad,691.4101695992863,nan,nan,nan,1e-17
04592503068,fantasy_agn,Hb4861,narrow,0.0,nan,nan,nan,1e-17
04592503068,fantasy_agn,Ha6563,broad,3441.32284460594,nan,nan,nan,1e-17
04592503068,fantasy_agn,Ha6563,narrow,0.0,nan,nan,nan,1e-17
04592503068,gelato,OIII5007,narrow,487.473331740392,164.53323641975604,nan,nan,1e-17
04592503068,gelato,OIII4959,narrow,170.61566610913718,164.53323641975604,nan,nan,1e-17
04592503068,gelato,Ha6563,broad,1188.7835800299936,499.9999999936247,nan,nan,1e-17
04592503068,gelato,Hb4861,broad,101.96956317655695,499.9999999936247,nan,nan,1e-17
04592503068,gelato,NII6585,narrow,1446.0747967830746,499.99999999442224,nan,nan,1e-17
04592503068,gelato,SII6718,narrow,111.91954960259291,142.55235134444388,nan,nan,1e-17
04592503068,gelato,SII6732,narrow,75.56164755465961,142.55235134444388,nan,nan,1e-17
04592503068,gelato,OII3727,narrow,143.20885304442737,217.17948406833705,nan,nan,1e-17
04592503068,gleam,OII3727,narrow,125.26090240478516,455.5559908724307,5.161262512207031,3728.48,1e-17
04592503068,gleam,Hb4861,narrow,116.01361846923828,374.0463471569871,4.029750347137451,4862.68,1e-17
04592503068,gleam,OIII4959,narrow,187.27743530273438,408.9051780424217,7.207000732421875,4960.3,1e-17
04592503068,gleam,OIII5007,narrow,668.4247436523438,469.8105318801103,27.377304077148438,5008.24,1e-17
04592503068,gleam,Ha6563,narrow,2186.287109375,2248.5692548721076,75.48192596435547,6564.6,1e-17
04592503068,gleam,Ha6563,broad,360.7165222167969,211.14074120005657,12.453797340393066,6564.6,1e-17
04592503068,gleam,NII6585,narrow,361.1182556152344,262.0653926586298,12.467668533325195,6585.27,1e-17
04592503068,gleam,SII6718,narrow,88.8398208618164,287.8254784527737,4.3299407958984375,6718.29,1e-17
04592503068,gleam,SII6732,narrow,53.46756362915039,212.4392892302102,2.6059417724609375,6732.67,1e-17
04592517882,pyqsofit,Ha6563,broad,2212.175597847291,3628.7244020846683,171.26617372376904,nan,1e-17
04592517882,pyqsofit,Hb4861,broad,518.2424934403122,2855.4463449868067,22.20399924893079,nan,1e-17
04592517882,pyqsofit,OIII5007,outflow,0.6052531346438396,nan,nan,4958.497906193027,1e-17
04592517882,pyqsofit,OIII5007,narrow,145.04930442302077,nan,nan,4996.939619799395,1e-17
04592517882,pyqsofit,OIII4959,outflow,7.549863161523146,nan,nan,4881.330235181025,1e-17
04592517882,pyqsofit,OIII4959,narrow,26.091726641048957,nan,nan,4919.1736914996345,1e-17
04592517882,pyqsofit,Ha6563,narrow,775.5909125178943,nan,nan,6557.865773871599,1e-17
04592517882,pyqsofit,NII6585,narrow,0.06356753018568218,nan,nan,6591.567694443716,1e-17
04592517882,pyqsofit,SII6718,narrow,0.43326026571986176,nan,nan,6724.703620327171,1e-17
04592517882,pyqsofit,SII6732,narrow,0.4341876269385164,nan,nan,6739.09734584935,1e-17
04592517882,badass,Ha6563,broad,0.0,nan,nan,nan,1e-17
04592517882,badass,Ha6563,narrow,382.60228315601125,nan,nan,nan,1e-17
04592517882,badass,Ha6563,outflow,1670.1368372929178,nan,nan,nan,1e-17
04592517882,badass,Hb4861,broad,0.0032627115205814405,nan,nan,nan,1e-17
04592517882,badass,Hb4861,narrow,115.64558365046105,nan,nan,nan,1e-17
04592517882,badass,Hb4861,outflow,338.57554581934,nan,nan,nan,1e-17
04592517882,badass,OIII5007,broad,0.0,nan,nan,nan,1e-17
04592517882,badass,OIII5007,narrow,92.52308879457996,nan,nan,nan,1e-17
04592517882,badass,OIII5007,outflow,149.3517835685951,nan,nan,nan,1e-17
04592517882,badass,OIII4959,broad,158.5974889546735,nan,nan,nan,1e-17
04592517882,badass,OIII4959,narrow,0.00024404062860128306,nan,nan,nan,1e-17
04592517882,badass,OIII4959,outflow,158.5989401683721,nan,nan,nan,1e-17
04592517882,badass,OII3727,broad,0.0,nan,nan,nan,1e-17
04592517882,badass,OII3727,narrow,0.0,nan,nan,nan,1e-17
04592517882,fantasy_agn,OIII5007,broad,228.67611026756575,nan,nan,nan,1e-17
04592517882,fantasy_agn,OIII5007,narrow,0.0,nan,nan,nan,1e-17
04592517882,fantasy_agn,Hb4861,broad,602.6227923914089,nan,nan,nan,1e-17
04592517882,fantasy_agn,Hb4861,narrow,0.0,nan,nan,nan,1e-17
04592517882,fantasy_agn,Ha6563,broad,1237.6923912780867,nan,nan,nan,1e-17
04592517882,fantasy_agn,Ha6563,narrow,460.68653789035005,nan,nan,nan,1e-17
04592517882,gelato,OIII5007,narrow,49.83967385878167,499.9999986735282,nan,nan,1e-17
04592517882,gelato,OIII4959,narrow,17.443885850573583,499.9999986735282,nan,nan,1e-17
04592517882,gelato,Ha6563,broad,1202.6432015521502,499.99999999980105,nan,nan,1e-17
04592517882,gelato,Hb4861,broad,196.35315516571671,499.99999999980105,nan,nan,1e-17
04592517882,gelato,NII6585,narrow,369.8936089153565,499.9999999974849,nan,nan,1e-17
04592517882,gelato,SII6718,narrow,14.09455260690223,499.9999760190649,nan,nan,1e-17
04592517882,gelato,SII6732,narrow,-23.460142890751637,499.9999760190649,nan,nan,1e-17
04592517882,gelato,OII3727,narrow,25.48651871860894,499.6437451099156,nan,nan,1e-17
04592517882,gleam,Hb4861,narrow,331.95037841796875,1572.5903187276558,12.246786117553711,4862.68,1e-17
04592517882,gleam,OIII4959,narrow,-40.423561096191406,987.8150078340376,-1.588875412940979,4960.3,1e-17
04592517882,gleam,Ha6563,narrow,3492.954345703125,2618.6164196036857,315.66339111328125,6564.6,1e-17
04592517882,gleam,NII6585,narrow,-1172.18603515625,1570.335491872984,-105.93216705322266,6585.27,1e-17
04592517882,gleam,SII6718,narrow,25.50214195251465,1314.8329187914312,1.9681217670440674,6718.29,1e-17
04592660180,pyqsofit,Ha6563,broad,5669.220813175121,3798.6302420636907,303.1244805329497,nan,1e-17
04592660180,pyqsofit,Hb4861,broad,2991.3838658078403,3541.0763262395844,125.71540041688272,nan,1e-17
04592660180,pyqsofit,OIII5007,outflow,144.3829347468906,nan,nan,4958.4071862676,1e-17
04592660180,pyqsofit,OIII5007,narrow,275.3748647466791,nan,nan,5006.3573664720725,1e-17
04592660180,pyqsofit,OIII4959,outflow,7.545769703574777,nan,nan,4881.2409271035995,1e-17
04592660180,pyqsofit,OIII4959,narrow,1.8022045250677003,nan,nan,4928.444872500477,1e-17
04592660180,pyqsofit,Ha6563,narrow,1071.4287041240566,nan,nan,6561.648863096726,1e-17
04592660180,pyqsofit,NII6585,narrow,5.633787063585526,nan,nan,6595.370225569147,1e-17
04592660180,pyqsofit,SII6718,narrow,23.407081032899136,nan,nan,6728.582954654139,1e-17
04592660180,pyqsofit,SII6732,narrow,23.45718214049956,nan,nan,6742.98498360152,1e-17
04592660180,badass,Ha6563,broad,1145.6023069827934,nan,nan,nan,1e-17
04592660180,badass,Ha6563,narrow,863.4407357871532,nan,nan,nan,1e-17
04592660180,badass,Ha6563,outflow,4624.633872600578,nan,nan,nan,1e-17
04592660180,badass,Hb4861,broad,612.2541549367643,nan,nan,nan,1e-17
04592660180,badass,Hb4861,narrow,148.22830380852974,nan,nan,nan,1e-17
04592660180,badass,Hb4861,outflow,1030.7177424033625,nan,nan,nan,1e-17
04592660180,badass,OIII5007,broad,0.008682857639156438,nan,nan,nan,1e-17
04592660180,badass,OIII5007,narrow,170.6652311172802,nan,nan,nan,1e-17
04592660180,badass,OIII5007,outflow,269.56417431630575,nan,nan,nan,1e-17
04592660180,badass,OIII4959,broad,640.1393951976115,nan,nan,nan,1e-17
04592660180,badass,OIII4959,narrow,0.0,nan,nan,nan,1e-17
04592660180,badass,OIII4959,outflow,640.1393951976115,nan,nan,nan,1e-17
04592660180,badass,OII3727,broad,0.0,nan,nan,nan,1e-17
04592660180,badass,OII3727,narrow,0.0191311160703993,nan,nan,nan,1e-17
04592660180,fantasy_agn,OIII5007,broad,299.8891328411838,nan,nan,nan,1e-17
04592660180,fantasy_agn,OIII5007,narrow,72.61668145844165,nan,nan,nan,1e-17
04592660180,fantasy_agn,Hb4861,broad,1326.979350085425,nan,nan,nan,1e-17
04592660180,fantasy_agn,Hb4861,narrow,0.0,nan,nan,nan,1e-17
04592660180,fantasy_agn,Ha6563,broad,4539.081202976,nan,nan,nan,1e-17
04592660180,fantasy_agn,Ha6563,narrow,882.9204133096949,nan,nan,nan,1e-17
04592660180,gelato,OIII5007,narrow,196.91709062713883,421.9645557274615,nan,nan,1e-17
04592660180,gelato,OIII4959,narrow,68.92098171949858,421.9645557274615,nan,nan,1e-17
04592660180,gelato,Ha6563,broad,2070.179769553368,499.9999999999873,nan,nan,1e-17
04592660180,gelato,Hb4861,broad,369.04585384059965,499.9999999999873,nan,nan,1e-17
04592660180,gelato,NII6585,narrow,1793.3065865193814,499.9999999999968,nan,nan,1e-17
04592660180,gelato,SII6718,narrow,65.51038268241321,499.9999999994364,nan,nan,1e-17
04592660180,gelato,SII6732,narrow,68.06018833690425,499.9999999994364,nan,nan,1e-17
04592660180,gelato,OII3727,narrow,79.71837469588768,351.91978602965054,nan,nan,1e-17
04592660180,gleam,OII3727,narrow,36.277095794677734,389.7924959848238,0.8238092660903931,3728.48,1e-17
04592660180,gleam,Hb4861,narrow,635.0597534179688,1916.200604701096,17.1706600189209,4862.68,1e-17
04592660180,gleam,OIII4959,narrow,55.79907989501953,482.59360934646145,1.8467756509780884,4960.3,1e-17
04592660180,gleam,OIII5007,narrow,307.925537109375,681.0582452557821,10.834853172302246,5008.24,1e-17
04592660180,gleam,Ha6563,narrow,98.93688201904297,206.5911223448932,2.817601203918457,6564.6,1e-17
04592660180,gleam,Ha6563,broad,3418.18408203125,2120.4698478965406,97.34569549560547,6564.6,1e-17
04592660180,gleam,NII6585,narrow,44.98883819580078,176.82313577326335,1.2812271118164062,6585.27,1e-17
04592660180,gleam,SII6718,narrow,28.2257022857666,252.58094522725594,1.402862787246704,6718.29,1e-17
04592660180,gleam,SII6732,narrow,19.071855545043945,226.7485423604508,0.9479017853736877,6732.67,1e-17
04592939295,pyqsofit,Ha6563,broad,7228.329769915856,3172.9302559154403,270.3967358934186,nan,1e-17
04592939295,pyqsofit,Hb4861,broad,4301.247943290616,3566.5453850531503,133.89303470059937,nan,1e-17
04592939295,pyqsofit,OIII5007,outflow,194.80303402817182,nan,nan,5008.91848562485,1e-17
04592939295,pyqsofit,OIII5007,narrow,313.19479591830844,nan,nan,5005.336190300598,1e-17
04592939295,pyqsofit,OIII4959,outflow,327.112168411647,nan,nan,4930.966133695474,1e-17
04592939295,pyqsofit,OIII4959,narrow,1.124262085637239,nan,nan,4927.439588598867,1e-17
04592939295,pyqsofit,Ha6563,narrow,4.266718949062084,nan,nan,6531.215185993944,1e-17
04592939295,pyqsofit,NII6585,narrow,744.8598581236342,nan,nan,6564.780144934514,1e-17
04592939295,pyqsofit,SII6718,narrow,0.06860398575657466,nan,nan,6697.375018162306,1e-17
04592939295,pyqsofit,SII6732,narrow,0.06875082746090239,nan,nan,6711.710248853981,1e-17
04592939295,badass,Ha6563,broad,2125.4100027778186,nan,nan,nan,1e-17
04592939295,badass,Ha6563,narrow,1356.4426196850836,nan,nan,nan,1e-17
04592939295,badass,Ha6563,outflow,6358.0373712240835,nan,nan,nan,1e-17
04592939295,badass,Hb4861,broad,0.0,nan,nan,nan,1e-17
04592939295,badass,Hb4861,narrow,744.2286077451427,nan,nan,nan,1e-17
04592939295,badass,Hb4861,outflow,1589.5046111179631,nan,nan,nan,1e-17
04592939295,badass,OIII5007,broad,0.0,nan,nan,nan,1e-17
04592939295,badass,OIII5007,narrow,270.32008367287926,nan,nan,nan,1e-17
04592939295,badass,OIII5007,outflow,389.101533970225,nan,nan,nan,1e-17
04592939295,badass,OIII4959,broad,731.4858146785518,nan,nan,nan,1e-17
04592939295,badass,OIII4959,narrow,0.0,nan,nan,nan,1e-17
04592939295,badass,OIII4959,outflow,731.4858146785518,nan,nan,nan,1e-17
04592939295,badass,OII3727,broad,43.49226423097008,nan,nan,nan,1e-17
04592939295,badass,OII3727,narrow,0.0,nan,nan,nan,1e-17
04592939295,fantasy_agn,OIII5007,broad,732.7668844702523,nan,nan,nan,1e-17
04592939295,fantasy_agn,OIII5007,narrow,0.0,nan,nan,nan,1e-17
04592939295,fantasy_agn,Hb4861,broad,1692.0250509423608,nan,nan,nan,1e-17
04592939295,fantasy_agn,Hb4861,narrow,0.0,nan,nan,nan,1e-17
04592939295,fantasy_agn,Ha6563,broad,5479.145799215967,nan,nan,nan,1e-17
04592939295,fantasy_agn,Ha6563,narrow,833.4022930409831,nan,nan,nan,1e-17
04592939295,gelato,OIII5007,narrow,209.9375476349373,478.3385948728793,nan,nan,1e-17
04592939295,gelato,OIII4959,narrow,73.47814167222805,478.3385948728793,nan,nan,1e-17
04592939295,gelato,Ha6563,broad,2065.0423636484297,499.99999999992934,nan,nan,1e-17
04592939295,gelato,Hb4861,broad,411.61135756895175,499.99999999992934,nan,nan,1e-17
04592939295,gelato,NII6585,narrow,2570.7174826254145,499.99999999999574,nan,nan,1e-17
04592939295,gelato,SII6718,narrow,112.07057396177898,499.99999999999994,nan,nan,1e-17
04592939295,gelato,SII6732,narrow,71.18603759856273,499.99999999999994,nan,nan,1e-17
04592939295,gelato,OII3727,narrow,169.89321064677432,499.99999999999994,nan,nan,1e-17
04592939295,gleam,OII3727,narrow,61.4626350402832,411.79935220240753,1.0358515977859497,3728.48,1e-17
04592939295,gleam,Hb4861,narrow,1145.2236328125,2560.4406253730485,25.408361434936523,4862.68,1e-17
04592939295,gleam,Hb4861,broad,40.369266510009766,319.83500610286376,0.8956476449966431,4862.68,1e-17
04592939295,gleam,OIII4959,narrow,79.05301666259766,364.09093793359733,1.9530518054962158,4960.3,1e-17
04592939295,gleam,OIII5007,narrow,340.94049072265625,431.4343339172319,8.944358825683594,5008.24,1e-17
04592939295,gleam,Ha6563,narrow,217.56448364257812,282.7467499993091,5.669157028198242,6564.6,1e-17
04592939295,gleam,Ha6563,broad,5220.2646484375,2579.1195800780106,136.02633666992188,6564.6,1e-17
04592939295,gleam,SII6718,narrow,39.53825759887695,357.07675754548444,1.3554589748382568,6718.29,1e-17
04592939295,gleam,SII6732,narrow,20.899600982666016,241.90474323304989,0.7164846062660217,6732.67,1e-17
04592975881,pyqsofit,Ha6563,broad,9599.494217456788,4329.672718818517,428.9948911619007,nan,1e-17
04592975881,pyqsofit,Hb4861,broad,3351.100011958792,4821.260954926837,115.69332285962173,nan,1e-17
04592975881,pyqsofit,OIII5007,outflow,246.26740348826607,nan,nan,4960.40675321819,1e-17
04592975881,pyqsofit,OIII5007,narrow,734.7530370974782,nan,nan,5007.736667699853,1e-17
04592975881,pyqsofit,OIII4959,outflow,1.2727424682588515,nan,nan,4883.209375371166,1e-17
04592975881,pyqsofit,OIII4959,narrow,0.39706886751867,nan,nan,4929.80270806156,1e-17
04592975881,pyqsofit,Ha6563,narrow,503.90929229284933,nan,nan,6558.520281172799,1e-17
04592975881,pyqsofit,NII6585,narrow,3.6568788557378844,nan,nan,6592.225565362568,1e-17
04592975881,pyqsofit,SII6718,narrow,59.47742334608917,nan,nan,6725.37477886711,1e-17
04592975881,pyqsofit,SII6732,narrow,59.60473032565958,nan,nan,6739.769940953985,1e-17
04592975881,badass,Ha6563,broad,0.0,nan,nan,nan,1e-17
04592975881,badass,Ha6563,narrow,1205.7453000806272,nan,nan,nan,1e-17
04592975881,badass,Ha6563,outflow,6631.363158359951,nan,nan,nan,1e-17
04592975881,badass,Hb4861,broad,839.4033034135527,nan,nan,nan,1e-17
04592975881,badass,Hb4861,narrow,137.02586271890323,nan,nan,nan,1e-17
04592975881,badass,Hb4861,outflow,1230.2478565024821,nan,nan,nan,1e-17
04592975881,badass,OIII5007,broad,0.0,nan,nan,nan,1e-17
04592975881,badass,OIII5007,narrow,580.3975686835606,nan,nan,nan,1e-17
04592975881,badass,OIII5007,outflow,580.3975686835607,nan,nan,nan,1e-17
04592975881,badass,OIII4959,broad,1303.4738628060213,nan,nan,nan,1e-17
04592975881,badass,OIII4959,narrow,0.0,nan,nan,nan,1e-17
04592975881,badass,OIII4959,outflow,1303.4738628060213,nan,nan,nan,1e-17
04592975881,badass,OII3727,broad,0.0,nan,nan,nan,1e-17
04592975881,badass,OII3727,narrow,0.0,nan,nan,nan,1e-17
04592975881,fantasy_agn,OIII5007,broad,843.2820346890437,nan,nan,nan,1e-17
04592975881,fantasy_agn,OIII5007,narrow,555.111422881685,nan,nan,nan,1e-17
04592975881,fantasy_agn,Hb4861,broad,1822.2323680866104,nan,nan,nan,1e-17
04592975881,fantasy_agn,Hb4861,narrow,0.0,nan,nan,nan,1e-17
04592975881,fantasy_agn,Ha6563,broad,6940.794583950317,nan,nan,nan,1e-17
04592975881,fantasy_agn,Ha6563,narrow,828.2600109214667,nan,nan,nan,1e-17
04592975881,gelato,OIII5007,narrow,550.4199189671746,162.69491943093493,nan,nan,1e-17
04592975881,gelato,OIII4959,narrow,192.64697163851108,162.69491943093493,nan,nan,1e-17
04592975881,gelato,Ha6563,broad,2414.1121594845677,499.99999999999994,nan,nan,1e-17
04592975881,gelato,Hb4861,broad,410.46236096481556,499.99999999999994,nan,nan,1e-17
04592975881,gelato,NII6585,narrow,2388.7800084424953,499.99999999999994,nan,nan,1e-17
04592975881,gelato,SII6718,narrow,199.40488956279586,499.99999999999994,nan,nan,1e-17
04592975881,gelato,SII6732,narrow,48.64745390672227,499.99999999999994,nan,nan,1e-17
04592975881,gelato,OII3727,narrow,156.80088864725224,309.5301714200005,nan,nan,1e-17
04592975881,gleam,OII3727,narrow,123.80413818359375,582.4488282471259,2.4912056922912598,3728.48,1e-17
04592975881,gleam,Hb4861,narrow,525.9577026367188,2449.714095030076,11.282377243041992,4862.68,1e-17
04592975881,gleam,Hb4861,broad,45.938045501708984,416.9149221415141,0.9854220747947693,4862.68,1e-17
04592975881,gleam,OIII4959,narrow,224.7310333251953,433.8879331519177,5.816335678100586,4960.3,1e-17
04592975881,gleam,OIII5007,narrow,785.8541259765625,483.42684554943344,21.898250579833984,5008.24,1e-17
04592975881,gleam,Ha6563,narrow,3389.78076171875,2188.215498803859,59.80933380126953,6564.6,1e-17
04592975881,gleam,NII6585,narrow,113.48548126220703,327.6751497870141,2.0023391246795654,6585.27,1e-17
04592975881,gleam,SII6718,narrow,73.05984497070312,587.3764025856649,2.816526174545288,6718.29,1e-17
04592975881,gleam,SII6732,narrow,32.216148376464844,278.1492188582356,1.2419630289077759,6732.67,1e-17
04592979214,pyqsofit,Ha6563,broad,5155.067717000161,4056.3741144918217,250.23456071063288,nan,1e-17
04592979214,pyqsofit,Hb4861,broad,2098.983564155659,4647.57552622389,91.84854329559549,nan,1e-17
04592979214,pyqsofit,OIII5007,outflow,424.65252104852726,nan,nan,4960.388347107335,1e-17
04592979214,pyqsofit,OIII5007,narrow,472.98317844588183,nan,nan,5008.202425072451,1e-17
04592979214,pyqsofit,OIII4959,outflow,0.9726805395058845,nan,nan,4883.1912557093,1e-17
04592979214,pyqsofit,OIII4959,narrow,1.0851021022031815,nan,nan,4930.261216986669,1e-17
04592979214,pyqsofit,Ha6563,narrow,21.516116375873953,nan,nan,6551.838726957244,1e-17
04592979214,pyqsofit,NII6585,narrow,105.18653214095335,nan,nan,6585.509673571765,1e-17
04592979214,pyqsofit,SII6718,narrow,160.87047843761798,nan,nan,6718.523240062858,1e-17
04592979214,pyqsofit,SII6732,narrow,161.21480967390525,nan,nan,6732.903736942978,1e-17
04592979214,badass,Ha6563,broad,1178.4410183967993,nan,nan,nan,1e-17
04592979214,badass,Ha6563,narrow,753.3105464521796,nan,nan,nan,1e-17
04592979214,badass,Ha6563,outflow,4443.612216569265,nan,nan,nan,1e-17
04592979214,badass,Hb4861,broad,1100.3428390050412,nan,nan,nan,1e-17
04592979214,badass,Hb4861,narrow,47.27821275455062,nan,nan,nan,1e-17
04592979214,badass,Hb4861,outflow,1235.7388625637268,nan,nan,nan,1e-17
04592979214,badass,OIII5007,broad,0.4905120550428421,nan,nan,nan,1e-17
04592979214,badass,OIII5007,narrow,1027.8228825083934,nan,nan,nan,1e-17
04592979214,badass,OIII5007,outflow,1623.6316659905929,nan,nan,nan,1e-17
04592979214,badass,OIII4959,broad,550.5979292415182,nan,nan,nan,1e-17
04592979214,badass,OIII4959,narrow,3.1103895217916033,nan,nan,nan,1e-17
04592979214,badass,OIII4959,outflow,559.8967082036875,nan,nan,nan,1e-17
04592979214,badass,OII3727,broad,173.83531021209853,nan,nan,nan,1e-17
04592979214,badass,OII3727,narrow,0.0,nan,nan,nan,1e-17
04592979214,fantasy_agn,OIII5007,broad,553.7905456191543,nan,nan,nan,1e-17
04592979214,fantasy_agn,OIII5007,narrow,0.0,nan,nan,nan,1e-17
04592979214,fantasy_agn,Hb4861,broad,1248.1481299187353,nan,nan,nan,1e-17
04592979214,fantasy_agn,Hb4861,narrow,0.0,nan,nan,nan,1e-17
04592979214,fantasy_agn,Ha6563,broad,4343.762645957479,nan,nan,nan,1e-17
04592979214,fantasy_agn,Ha6563,narrow,359.9458485130163,nan,nan,nan,1e-17
04592979214,gelato,OIII5007,narrow,29.23602096627668,33.12134923348413,nan,nan,1e-17
04592979214,gelato,OIII4959,narrow,10.232607338196837,33.12134923348413,nan,nan,1e-17
04592979214,gelato,Ha6563,broad,1129.1569262413054,499.9999999999991,nan,nan,1e-17
04592979214,gelato,Hb4861,broad,203.81501205134145,499.9999999999991,nan,nan,1e-17
04592979214,gelato,NII6585,narrow,1468.9597384382748,499.99999999999983,nan,nan,1e-17
04592979214,gelato,SII6718,narrow,180.31350561845778,147.5897386569571,nan,nan,1e-17
04592979214,gelato,SII6732,narrow,154.47368897413998,147.5897386569571,nan,nan,1e-17
04592979214,gelato,OII3727,narrow,403.48146287649683,197.84778964129947,nan,nan,1e-17
04592979214,gleam,OII3727,narrow,379.3092041015625,446.1726642525368,11.948664665222168,3728.48,1e-17
04592979214,gleam,Hb4861,narrow,139.77638244628906,353.1365020466065,4.084511756896973,4862.68,1e-17
04592979214,gleam,Hb4861,broad,197.03392028808594,2010.40273889581,5.7576775550842285,4862.68,1e-17
04592979214,gleam,OIII4959,narrow,419.8381652832031,351.17538407577626,15.793417930603027,4960.3,1e-17
04592979214,gleam,OIII5007,narrow,1237.8795166015625,356.63798845997997,47.78855514526367,5008.24,1e-17
04592979214,gleam,Ha6563,narrow,1567.7723388671875,2276.1226208436133,37.26350784301758,6564.6,1e-17
04592979214,gleam,Ha6563,broad,471.8193359375,305.738563746264,11.214410781860352,6564.6,1e-17
04592979214,gleam,NII6585,narrow,154.3122100830078,250.95350314447003,3.6677608489990234,6585.27,1e-17
04592979214,gleam,SII6718,narrow,161.5345916748047,328.22698379461855,7.421009540557861,6718.29,1e-17
04592979214,gleam,SII6732,narrow,142.27572631835938,328.72885140281886,6.5362443923950195,6732.67,1e-17
06872228427,pyqsofit,Ha6563,broad,1508.972688939671,3063.9912456482316,94.78541834456705,nan,1e-17
06872228427,pyqsofit,Hb4861,broad,601.0086500113175,11158.715536776132,43.91846571981059,nan,1e-17
06872228427,pyqsofit,OIII5007,outflow,0.4423279072609055,nan,nan,4979.4192163098805,1e-17
06872228427,pyqsofit,OIII5007,narrow,384.58422303694095,nan,nan,5009.809807633521,1e-17
06872228427,pyqsofit,OIII4959,outflow,0.36887070456382504,nan,nan,4901.925952990131,1e-17
06872228427,pyqsofit,OIII4959,narrow,1.0923403731458377,nan,nan,4931.843584317116,1e-17
06872228427,pyqsofit,Ha6563,narrow,0.02142359979963746,nan,nan,6555.890535377617,1e-17
06872228427,pyqsofit,NII6585,narrow,163.40584181729633,nan,nan,6589.582304883345,1e-17
06872228427,pyqsofit,SII6718,narrow,57.35940891565702,nan,nan,6722.678130036654,1e-17
06872228427,pyqsofit,SII6732,narrow,57.48218244363091,nan,nan,6737.067520148243,1e-17
06872228427,badass,Ha6563,broad,478.7488779974956,nan,nan,nan,1e-17
06872228427,badass,Ha6563,narrow,352.69173602573574,nan,nan,nan,1e-17
06872228427,badass,Ha6563,outflow,1598.0567275783396,nan,nan,nan,1e-17
06872228427,badass,Hb4861,broad,152.03655003933147,nan,nan,nan,1e-17
06872228427,badass,Hb4861,narrow,0.0,nan,nan,nan,1e-17
06872228427,badass,Hb4861,outflow,152.03655003933147,nan,nan,nan,1e-17
06872228427,badass,OIII5007,broad,0.0,nan,nan,nan,1e-17
06872228427,badass,OIII5007,narrow,376.1101010347652,nan,nan,nan,1e-17
06872228427,badass,OIII5007,outflow,376.1112713531842,nan,nan,nan,1e-17
06872228427,badass,OIII4959,broad,266.23142170097776,nan,nan,nan,1e-17
06872228427,badass,OIII4959,narrow,0.0,nan,nan,nan,1e-17
06872228427,badass,OIII4959,outflow,266.23142170097776,nan,nan,nan,1e-17
06872228427,badass,OII3727,broad,0.0,nan,nan,nan,1e-17
06872228427,badass,OII3727,narrow,0.0,nan,nan,nan,1e-17
06872228427,fantasy_agn,OIII5007,broad,141.75339576915286,nan,nan,nan,1e-17
06872228427,fantasy_agn,OIII5007,narrow,394.51951226442594,nan,nan,nan,1e-17
06872228427,fantasy_agn,Hb4861,broad,193.82686437192143,nan,nan,nan,1e-17
06872228427,fantasy_agn,Hb4861,narrow,0.0,nan,nan,nan,1e-17
06872228427,fantasy_agn,Ha6563,broad,1470.7405237853031,nan,nan,nan,1e-17
06872228427,fantasy_agn,Ha6563,narrow,0.0,nan,nan,nan,1e-17
06872228427,gelato,OIII5007,narrow,261.0432274209412,263.64370305342084,nan,nan,1e-17
06872228427,gelato,OIII4959,narrow,91.36512959732941,263.64370305342084,nan,nan,1e-17
06872228427,gelato,Ha6563,broad,475.5403336140408,499.99999999999994,nan,nan,1e-17
06872228427,gelato,Hb4861,broad,43.7478504814109,499.99999999999994,nan,nan,1e-17
06872228427,gelato,NII6585,narrow,561.2304795898119,499.99999999999994,nan,nan,1e-17
06872228427,gelato,SII6718,narrow,69.19658744976319,168.76472378279215,nan,nan,1e-17
06872228427,gelato,SII6732,narrow,58.004910966423736,168.76472378279215,nan,nan,1e-17
06872228427,gelato,OII3727,narrow,105.38029478976644,202.88564650006268,nan,nan,1e-17
06872228427,gleam,OII3727,narrow,105.21095275878906,464.1936310406775,11.00908374786377,3728.48,1e-17
06872228427,gleam,Hb4861,narrow,38.95009994506836,384.83102504150725,2.278768539428711,4862.68,1e-17
06872228427,gleam,OIII4959,narrow,146.10426330566406,532.3067492909001,9.267024993896484,4960.3,1e-17
06872228427,gleam,OIII5007,narrow,417.0597839355469,490.630913575319,26.599340438842773,5008.24,1e-17
06872228427,gleam,Ha6563,narrow,435.8856506347656,708.0708713974406,17.902427673339844,6564.6,1e-17
06872228427,gleam,NII6585,narrow,235.59339904785156,391.791709383695,9.6761474609375,6585.27,1e-17
06872228427,gleam,SII6718,narrow,54.87422180175781,324.0435680764349,3.3312840461730957,6718.29,1e-17
06872228427,gleam,SII6732,narrow,62.744895935058594,486.24919875239317,3.809094190597534,6732.67,1e-17
