tag,tool,chi2_red,chi2_kind,chi2_common,line_penalty,has_broad,has_narrow
04545183216,pyqsofit,1.5570508144700357,line_complex_reduced (reported),0.8764492804155621,0.0,1,1
04545183216,badass,1.5483115836529187,line_window_computed,3.4999510431446867,0.0,1,1
04545183216,fantasy_agn,5.333796052124778,line_window_computed,2.802711317348821,0.0,1,1
04545183216,gelato,10.049561191758354,global_reduced (reported),2.710640805271729,0.0,1,1
04545183216,gleam,45.12743133142857,mean_line_reduced (reported),598.1929636673625,0.0,1,1
04570362657,pyqsofit,2.284813159329287,line_complex_reduced (reported),2.506924685860208,0.0,1,1
04570362657,badass,2.826145229196997,line_window_computed,6.124984551901928,0.0,1,1
04570362657,fantasy_agn,19.196873879535012,line_window_computed,10.309146683072777,0.0,1,1
04570362657,gelato,11.503415793145738,global_reduced (reported),2.5436079740787623,0.0,1,1
04570362657,gleam,40.49655703,mean_line_reduced (reported),254.30970071939896,2.0,1,1
04570493016,pyqsofit,3.179874366331031,line_complex_reduced (reported),9.122382604876114,0.0,1,1
04570493016,badass,3.019700068206319,line_window_computed,6.191692121701213,0.0,1,1
04570493016,fantasy_agn,23.898886008289953,line_window_computed,14.525500193704818,0.0,1,1
04570493016,gelato,17.29008206594127,global_reduced (reported),6.609542535174349,0.0,1,1
04570493016,gleam,119.88150179375,mean_line_reduced (reported),262.12977414488086,0.0,1,1
04592503068,pyqsofit,3.112398196886896,line_complex_reduced (reported),17.174664340395577,0.0,1,1
04592503068,badass,5.811123008457022,line_window_computed,11.566331862234872,0.0,1,1
04592503068,fantasy_agn,33.66017305979453,line_window_computed,21.24154665836514,0.0,1,1
04592503068,gelato,9.41251367779913,global_reduced (reported),4.150692584988156,0.0,1,1
04592503068,gleam,18.409232101999997,mean_line_reduced (reported),53.4239812367293,0.0,1,1
04592517882,pyqsofit,2.7463885126734944,line_complex_reduced (reported),38.765453028802796,0.0,1,1
04592517882,badass,1.2272413195195775,line_window_computed,2.4670894492178594,0.0,1,1
04592517882,fantasy_agn,8.08367171797202,line_window_computed,4.583069014206656,0.0,1,1
04592517882,gelato,10.691382473480434,global_reduced (reported),17.50561520381579,2.0,0,1
04592517882,gleam,18.352697040625003,mean_line_reduced (reported),631.8181630175933,1.0,1,1
04592660180,pyqsofit,3.0959849132801143,line_complex_reduced (reported),5.726303766057565,1.0,1,1
04592660180,badass,1.4939430853979958,line_window_computed,3.8277363895860472,0.0,1,1
04592660180,fantasy_agn,18.08394335924019,line_window_computed,7.4007964112145235,0.0,1,1
04592660180,gelato,7.983066075554687,global_reduced (reported),3.545553641365755,0.0,1,1
04592660180,gleam,71.50373821625,mean_line_reduced (reported),355.3204152552002,0.0,1,1
04592939295,pyqsofit,1.7259931863991622,line_complex_reduced (reported),5.440470207945354,0.0,1,1
04592939295,badass,2.364015912236044,line_window_computed,5.456150016922869,0.0,1,1
04592939295,fantasy_agn,52.010312800813445,line_window_computed,22.524676934299773,0.0,1,1
04592939295,gelato,7.985145180290975,global_reduced (reported),4.460975642192411,0.0,1,1
04592939295,gleam,57.406962025,mean_line_reduced (reported),244.22531453903036,0.0,1,1
04592975881,pyqsofit,2.2330344984478705,line_complex_reduced (reported),3.5087404819887857,0.0,1,1
04592975881,badass,4.635472655775341,line_window_computed,10.570238803912822,0.0,1,1
04592975881,fantasy_agn,26.087122846009223,line_window_computed,14.277048925101559,0.0,1,1
04592975881,gelato,6.394134160579407,global_reduced (reported),2.497712778976531,0.0,1,1
04592975881,gleam,121.33939315750001,mean_line_reduced (reported),283.9080206152634,0.0,1,1
04592979214,pyqsofit,2.3454305926020385,line_complex_reduced (reported),14.313645972732749,1.0,1,1
04592979214,badass,6.972958950183405,line_window_computed,14.473510734869256,0.0,1,1
04592979214,fantasy_agn,56.125548781309924,line_window_computed,40.90625865340928,0.0,1,1
04592979214,gelato,6.587364123351637,global_reduced (reported),1.8217851903243467,0.0,1,1
04592979214,gleam,44.582382152,mean_line_reduced (reported),28.177379685769566,0.0,1,1
06872228427,pyqsofit,1.8395955511415951,line_complex_reduced (reported),36.452370835492296,0.0,1,1
06872228427,badass,4.92631585608877,line_window_computed,6.866600157031294,1.0,1,1
06872228427,fantasy_agn,26.47900868773614,line_window_computed,19.490932222467862,0.0,1,1
06872228427,gelato,2.794472106066657,global_reduced (reported),1.0619774160175262,1.0,1,1
06872228427,gleam,9.623841876,mean_line_reduced (reported),43.05954249260949,2.0,1,1
